system:index,BAI,DSM,NDVI,Plot,Severity,end_date,precipitation,start_date,temperature_2m_max,temperature_2m_min,.geo
3_00000000000000000014_0,46.155477203159705,34.0,0.372704629292794,BS038,3.0,2010-01-01,0.07053687,2009-01-01,294.81139914194745,282.516719977061,"{""geodesic"":false,""type"":""Point"",""coordinates"":[-121.5,36.5]}"
3_00000000000000000015_0,46.155477203159705,34.0,0.372704629292794,BS044,3.0,2010-01-01,0.07053687,2009-01-01,294.81139914194745,282.516719977061,"{""geodesic"":false,""type"":""Point"",""coordinates"":[-121.5,36.5]}"
3_00000000000000000016_0,46.155477203159705,34.0,0.372704629292794,BS045,3.0,2010-01-01,0.07053687,2009-01-01,294.81139914194745,282.516719977061,"{""geodesic"":false,""type"":""Point"",""coordinates"":[-121.5,36.5]}"
3_00000000000000000017_0,46.155477203159705,34.0,0.372704629292794,BS046,3.0,2010-01-01,0.07053687,2009-01-01,294.81139914194745,282.516719977061,"{""geodesic"":false,""type"":""Point"",""coordinates"":[-121.5,36.5]}"
3_00000000000000000018_0,46.155477203159705,34.0,0.372704629292794,BS047,3.0,2010-01-01,0.07053687,2009-01-01,294.81139914194745,282.516719977061,"{""geodesic"":false,""type"":""Point"",""coordinates"":[-121.5,36.5]}"
3_00000000000000000019_0,46.155477203159705,34.0,0.372704629292794,BS048,3.0,2010-01-01,0.07053687,2009-01-01,294.81139914194745,282.516719977061,"{""geodesic"":false,""type"":""Point"",""coordinates"":[-121.5,36.5]}"
3_0000000000000000001a_0,46.155477203159705,34.0,0.372704629292794,BS050,3.0,2010-01-01,0.07053687,2009-01-01,294.81139914194745,282.516719977061,"{""geodesic"":false,""type"":""Point"",""coordinates"":[-121.5,36.5]}"
3_0000000000000000001b_0,46.155477203159705,34.0,0.372704629292794,BS052,3.0,2010-01-01,0.07053687,2009-01-01,294.81139914194745,282.516719977061,"{""geodesic"":false,""type"":""Point"",""coordinates"":[-121.5,36.5]}"
3_0000000000000000001c_0,46.155477203159705,34.0,0.372704629292794,BS053,3.0,2010-01-01,0.07053687,2009-01-01,294.81139914194745,282.516719977061,"{""geodesic"":false,""type"":""Point"",""coordinates"":[-121.5,36.5]}"
3_0000000000000000001e_0,46.155477203159705,34.0,0.372704629292794,BS057,3.0,2010-01-01,0.07053687,2009-01-01,294.81139914194745,282.516719977061,"{""geodesic"":false,""type"":""Point"",""coordinates"":[-121.5,36.5]}"
3_0000000000000000001f_0,46.155477203159705,34.0,0.372704629292794,BS058,3.0,2010-01-01,0.07053687,2009-01-01,294.81139914194745,282.516719977061,"{""geodesic"":false,""type"":""Point"",""coordinates"":[-121.5,36.5]}"
3_00000000000000000020_0,46.155477203159705,34.0,0.372704629292794,BS059,3.0,2010-01-01,0.07053687,2009-01-01,294.81139914194745,282.516719977061,"{""geodesic"":false,""type"":""Point"",""coordinates"":[-121.5,36.5]}"
3_00000000000000000021_0,46.155477203159705,34.0,0.372704629292794,BS060,3.0,2010-01-01,0.07053687,2009-01-01,294.81139914194745,282.516719977061,"{""geodesic"":false,""type"":""Point"",""coordinates"":[-121.5,36.5]}"
3_00000000000000000022_0,46.155477203159705,34.0,0.372704629292794,BS062,3.0,2010-01-01,0.07053687,2009-01-01,294.81139914194745,282.516719977061,"{""geodesic"":false,""type"":""Point"",""coordinates"":[-121.5,36.5]}"
3_00000000000000000023_0,46.155477203159705,34.0,0.372704629292794,BS063,3.0,2010-01-01,0.07053687,2009-01-01,294.81139914194745,282.516719977061,"{""geodesic"":false,""type"":""Point"",""coordinates"":[-121.5,36.5]}"
3_00000000000000000024_0,46.155477203159705,34.0,0.372704629292794,BS066,3.0,2010-01-01,0.07053687,2009-01-01,294.81139914194745,282.516719977061,"{""geodesic"":false,""type"":""Point"",""coordinates"":[-121.5,36.5]}"
3_00000000000000000025_0,46.155477203159705,34.0,0.372704629292794,BS070,3.0,2010-01-01,0.07053687,2009-01-01,294.81139914194745,282.516719977061,"{""geodesic"":false,""type"":""Point"",""coordinates"":[-121.5,36.5]}"
3_00000000000000000026_0,46.155477203159705,34.0,0.372704629292794,BS071,3.0,2010-01-01,0.07053687,2009-01-01,294.81139914194745,282.516719977061,"{""geodesic"":false,""type"":""Point"",""coordinates"":[-121.5,36.5]}"
3_00000000000000000027_0,46.155477203159705,34.0,0.372704629292794,BS072,3.0,2010-01-01,0.07053687,2009-01-01,294.81139914194745,282.516719977061,"{""geodesic"":false,""type"":""Point"",""coordinates"":[-121.5,36.5]}"
3_00000000000000000028_0,46.155477203159705,34.0,0.372704629292794,BS073,3.0,2010-01-01,0.07053687,2009-01-01,294.81139914194745,282.516719977061,"{""geodesic"":false,""type"":""Point"",""coordinates"":[-121.5,36.5]}"
3_00000000000000000029_0,46.155477203159705,34.0,0.372704629292794,BS076,3.0,2010-01-01,0.07053687,2009-01-01,294.81139914194745,282.516719977061,"{""geodesic"":false,""type"":""Point"",""coordinates"":[-121.5,36.5]}"
3_0000000000000000002a_0,46.155477203159705,34.0,0.372704629292794,BS077,3.0,2010-01-01,0.07053687,2009-01-01,294.81139914194745,282.516719977061,"{""geodesic"":false,""type"":""Point"",""coordinates"":[-121.5,36.5]}"
3_0000000000000000002b_0,46.155477203159705,34.0,0.372704629292794,BS078,3.0,2010-01-01,0.07053687,2009-01-01,294.81139914194745,282.516719977061,"{""geodesic"":false,""type"":""Point"",""coordinates"":[-121.5,36.5]}"
3_0000000000000000002c_0,46.155477203159705,34.0,0.372704629292794,BS079,3.0,2010-01-01,0.07053687,2009-01-01,294.81139914194745,282.516719977061,"{""geodesic"":false,""type"":""Point"",""coordinates"":[-121.5,36.5]}"
3_0000000000000000002d_0,46.155477203159705,34.0,0.372704629292794,BS080,3.0,2010-01-01,0.07053687,2009-01-01,294.81139914194745,282.516719977061,"{""geodesic"":false,""type"":""Point"",""coordinates"":[-121.5,36.5]}"
3_0000000000000000002e_0,46.155477203159705,34.0,0.372704629292794,BS081,3.0,2010-01-01,0.07053687,2009-01-01,294.81139914194745,282.516719977061,"{""geodesic"":false,""type"":""Point"",""coordinates"":[-121.5,36.5]}"
3_0000000000000000002f_0,46.155477203159705,34.0,0.372704629292794,BS083,3.0,2010-01-01,0.07053687,2009-01-01,294.81139914194745,282.516719977061,"{""geodesic"":false,""type"":""Point"",""coordinates"":[-121.5,36.5]}"
3_00000000000000000030_0,46.155477203159705,34.0,0.372704629292794,BS084,3.0,2010-01-01,0.07053687,2009-01-01,294.81139914194745,282.516719977061,"{""geodesic"":false,""type"":""Point"",""coordinates"":[-121.5,36.5]}"
3_00000000000000000031_0,46.155477203159705,34.0,0.372704629292794,BS085,3.0,2010-01-01,0.07053687,2009-01-01,294.81139914194745,282.516719977061,"{""geodesic"":false,""type"":""Point"",""coordinates"":[-121.5,36.5]}"
3_00000000000000000032_0,46.155477203159705,34.0,0.372704629292794,BS086,3.0,2010-01-01,0.07053687,2009-01-01,294.81139914194745,282.516719977061,"{""geodesic"":false,""type"":""Point"",""coordinates"":[-121.5,36.5]}"
3_00000000000000000033_0,46.155477203159705,34.0,0.372704629292794,BS087,3.0,2010-01-01,0.07053687,2009-01-01,294.81139914194745,282.516719977061,"{""geodesic"":false,""type"":""Point"",""coordinates"":[-121.5,36.5]}"
3_00000000000000000034_0,46.155477203159705,34.0,0.372704629292794,BS088,3.0,2010-01-01,0.07053687,2009-01-01,294.81139914194745,282.516719977061,"{""geodesic"":false,""type"":""Point"",""coordinates"":[-121.5,36.5]}"
3_00000000000000000035_0,46.155477203159705,34.0,0.372704629292794,BS089,3.0,2010-01-01,0.07053687,2009-01-01,294.81139914194745,282.516719977061,"{""geodesic"":false,""type"":""Point"",""coordinates"":[-121.5,36.5]}"
3_00000000000000000036_0,46.155477203159705,34.0,0.372704629292794,BS090,3.0,2010-01-01,0.07053687,2009-01-01,294.81139914194745,282.516719977061,"{""geodesic"":false,""type"":""Point"",""coordinates"":[-121.5,36.5]}"
3_00000000000000000037_0,46.155477203159705,34.0,0.372704629292794,BS092,3.0,2010-01-01,0.07053687,2009-01-01,294.81139914194745,282.516719977061,"{""geodesic"":false,""type"":""Point"",""coordinates"":[-121.5,36.5]}"
3_00000000000000000038_0,46.155477203159705,34.0,0.372704629292794,BS094,3.0,2010-01-01,0.07053687,2009-01-01,294.81139914194745,282.516719977061,"{""geodesic"":false,""type"":""Point"",""coordinates"":[-121.5,36.5]}"
3_00000000000000000039_0,46.155477203159705,34.0,0.372704629292794,BS098,3.0,2010-01-01,0.07053687,2009-01-01,294.81139914194745,282.516719977061,"{""geodesic"":false,""type"":""Point"",""coordinates"":[-121.5,36.5]}"
3_0000000000000000003a_0,46.155477203159705,34.0,0.372704629292794,BS102,3.0,2010-01-01,0.07053687,2009-01-01,294.81139914194745,282.516719977061,"{""geodesic"":false,""type"":""Point"",""coordinates"":[-121.5,36.5]}"
3_0000000000000000003b_0,46.155477203159705,34.0,0.372704629292794,BS103,3.0,2010-01-01,0.07053687,2009-01-01,294.81139914194745,282.516719977061,"{""geodesic"":false,""type"":""Point"",""coordinates"":[-121.5,36.5]}"
3_0000000000000000003c_0,46.155477203159705,34.0,0.372704629292794,BS111,3.0,2010-01-01,0.07053687,2009-01-01,294.81139914194745,282.516719977061,"{""geodesic"":false,""type"":""Point"",""coordinates"":[-121.5,36.5]}"
3_0000000000000000003d_0,46.155477203159705,34.0,0.372704629292794,BS112,3.0,2010-01-01,0.07053687,2009-01-01,294.81139914194745,282.516719977061,"{""geodesic"":false,""type"":""Point"",""coordinates"":[-121.5,36.5]}"
3_0000000000000000003e_0,46.155477203159705,34.0,0.372704629292794,BS118,3.0,2010-01-01,0.07053687,2009-01-01,294.81139914194745,282.516719977061,"{""geodesic"":false,""type"":""Point"",""coordinates"":[-121.5,36.5]}"
3_0000000000000000003f_0,46.155477203159705,34.0,0.372704629292794,BS119,3.0,2010-01-01,0.07053687,2009-01-01,294.81139914194745,282.516719977061,"{""geodesic"":false,""type"":""Point"",""coordinates"":[-121.5,36.5]}"
3_00000000000000000040_0,46.155477203159705,34.0,0.372704629292794,BS121,3.0,2010-01-01,0.07053687,2009-01-01,294.81139914194745,282.516719977061,"{""geodesic"":false,""type"":""Point"",""coordinates"":[-121.5,36.5]}"
3_00000000000000000041_0,46.155477203159705,34.0,0.372704629292794,BS122,3.0,2010-01-01,0.07053687,2009-01-01,294.81139914194745,282.516719977061,"{""geodesic"":false,""type"":""Point"",""coordinates"":[-121.5,36.5]}"
3_00000000000000000042_0,46.155477203159705,34.0,0.372704629292794,BS123,3.0,2010-01-01,0.07053687,2009-01-01,294.81139914194745,282.516719977061,"{""geodesic"":false,""type"":""Point"",""coordinates"":[-121.5,36.5]}"
3_00000000000000000043_0,46.155477203159705,34.0,0.372704629292794,BS124,3.0,2010-01-01,0.07053687,2009-01-01,294.81139914194745,282.516719977061,"{""geodesic"":false,""type"":""Point"",""coordinates"":[-121.5,36.5]}"
3_00000000000000000044_0,46.155477203159705,34.0,0.372704629292794,BS125,3.0,2010-01-01,0.07053687,2009-01-01,294.81139914194745,282.516719977061,"{""geodesic"":false,""type"":""Point"",""coordinates"":[-121.5,36.5]}"
3_00000000000000000045_0,46.155477203159705,34.0,0.372704629292794,BS126,3.0,2010-01-01,0.07053687,2009-01-01,294.81139914194745,282.516719977061,"{""geodesic"":false,""type"":""Point"",""coordinates"":[-121.5,36.5]}"
3_00000000000000000046_0,46.155477203159705,34.0,0.372704629292794,BS128,3.0,2010-01-01,0.07053687,2009-01-01,294.81139914194745,282.516719977061,"{""geodesic"":false,""type"":""Point"",""coordinates"":[-121.5,36.5]}"
3_00000000000000000047_0,46.155477203159705,34.0,0.372704629292794,BS129,3.0,2010-01-01,0.07053687,2009-01-01,294.81139914194745,282.516719977061,"{""geodesic"":false,""type"":""Point"",""coordinates"":[-121.5,36.5]}"
3_00000000000000000048_0,46.155477203159705,34.0,0.372704629292794,BS130,3.0,2010-01-01,0.07053687,2009-01-01,294.81139914194745,282.516719977061,"{""geodesic"":false,""type"":""Point"",""coordinates"":[-121.5,36.5]}"
3_00000000000000000049_0,46.155477203159705,34.0,0.372704629292794,BS131,3.0,2010-01-01,0.07053687,2009-01-01,294.81139914194745,282.516719977061,"{""geodesic"":false,""type"":""Point"",""coordinates"":[-121.5,36.5]}"
3_0000000000000000004a_0,46.155477203159705,34.0,0.372704629292794,BS132,3.0,2010-01-01,0.07053687,2009-01-01,294.81139914194745,282.516719977061,"{""geodesic"":false,""type"":""Point"",""coordinates"":[-121.5,36.5]}"
3_0000000000000000004b_0,46.155477203159705,34.0,0.372704629292794,BS133,3.0,2010-01-01,0.07053687,2009-01-01,294.81139914194745,282.516719977061,"{""geodesic"":false,""type"":""Point"",""coordinates"":[-121.5,36.5]}"
3_0000000000000000004c_0,46.155477203159705,34.0,0.372704629292794,BS134,3.0,2010-01-01,0.07053687,2009-01-01,294.81139914194745,282.516719977061,"{""geodesic"":false,""type"":""Point"",""coordinates"":[-121.5,36.5]}"
3_0000000000000000004d_0,46.155477203159705,34.0,0.372704629292794,BS135,3.0,2010-01-01,0.07053687,2009-01-01,294.81139914194745,282.516719977061,"{""geodesic"":false,""type"":""Point"",""coordinates"":[-121.5,36.5]}"
3_0000000000000000004e_0,46.155477203159705,34.0,0.372704629292794,BS137,3.0,2010-01-01,0.07053687,2009-01-01,294.81139914194745,282.516719977061,"{""geodesic"":false,""type"":""Point"",""coordinates"":[-121.5,36.5]}"
3_0000000000000000004f_0,46.155477203159705,34.0,0.372704629292794,BS138,3.0,2010-01-01,0.07053687,2009-01-01,294.81139914194745,282.516719977061,"{""geodesic"":false,""type"":""Point"",""coordinates"":[-121.5,36.5]}"
3_00000000000000000050_0,46.155477203159705,34.0,0.372704629292794,BS139,3.0,2010-01-01,0.07053687,2009-01-01,294.81139914194745,282.516719977061,"{""geodesic"":false,""type"":""Point"",""coordinates"":[-121.5,36.5]}"
3_00000000000000000051_0,46.155477203159705,34.0,0.372704629292794,BS140,3.0,2010-01-01,0.07053687,2009-01-01,294.81139914194745,282.516719977061,"{""geodesic"":false,""type"":""Point"",""coordinates"":[-121.5,36.5]}"
3_00000000000000000052_0,46.155477203159705,34.0,0.372704629292794,BS141,3.0,2010-01-01,0.07053687,2009-01-01,294.81139914194745,282.516719977061,"{""geodesic"":false,""type"":""Point"",""coordinates"":[-121.5,36.5]}"
3_00000000000000000053_0,46.155477203159705,34.0,0.372704629292794,BS144,3.0,2010-01-01,0.07053687,2009-01-01,294.81139914194745,282.516719977061,"{""geodesic"":false,""type"":""Point"",""coordinates"":[-121.5,36.5]}"
3_00000000000000000054_0,46.155477203159705,34.0,0.372704629292794,BS146,3.0,2010-01-01,0.07053687,2009-01-01,294.81139914194745,282.516719977061,"{""geodesic"":false,""type"":""Point"",""coordinates"":[-121.5,36.5]}"
3_00000000000000000055_0,46.155477203159705,34.0,0.372704629292794,BS147,3.0,2010-01-01,0.07053687,2009-01-01,294.81139914194745,282.516719977061,"{""geodesic"":false,""type"":""Point"",""coordinates"":[-121.5,36.5]}"
3_00000000000000000056_0,46.155477203159705,34.0,0.372704629292794,BS148,3.0,2010-01-01,0.07053687,2009-01-01,294.81139914194745,282.516719977061,"{""geodesic"":false,""type"":""Point"",""coordinates"":[-121.5,36.5]}"
3_00000000000000000057_0,46.155477203159705,34.0,0.372704629292794,BS149,3.0,2010-01-01,0.07053687,2009-01-01,294.81139914194745,282.516719977061,"{""geodesic"":false,""type"":""Point"",""coordinates"":[-121.5,36.5]}"
3_00000000000000000058_0,46.155477203159705,34.0,0.372704629292794,BS150,3.0,2010-01-01,0.07053687,2009-01-01,294.81139914194745,282.516719977061,"{""geodesic"":false,""type"":""Point"",""coordinates"":[-121.5,36.5]}"
3_00000000000000000059_0,46.155477203159705,34.0,0.372704629292794,BS151,3.0,2010-01-01,0.07053687,2009-01-01,294.81139914194745,282.516719977061,"{""geodesic"":false,""type"":""Point"",""coordinates"":[-121.5,36.5]}"
3_0000000000000000005a_0,46.155477203159705,34.0,0.372704629292794,BS152,3.0,2010-01-01,0.07053687,2009-01-01,294.81139914194745,282.516719977061,"{""geodesic"":false,""type"":""Point"",""coordinates"":[-121.5,36.5]}"
3_0000000000000000005b_0,46.155477203159705,34.0,0.372704629292794,BS156,3.0,2010-01-01,0.07053687,2009-01-01,294.81139914194745,282.516719977061,"{""geodesic"":false,""type"":""Point"",""coordinates"":[-121.5,36.5]}"
3_0000000000000000005c_0,46.155477203159705,34.0,0.372704629292794,BS157,3.0,2010-01-01,0.07053687,2009-01-01,294.81139914194745,282.516719977061,"{""geodesic"":false,""type"":""Point"",""coordinates"":[-121.5,36.5]}"
3_0000000000000000005d_0,46.155477203159705,34.0,0.372704629292794,BS158,3.0,2010-01-01,0.07053687,2009-01-01,294.81139914194745,282.516719977061,"{""geodesic"":false,""type"":""Point"",""coordinates"":[-121.5,36.5]}"
3_0000000000000000005e_0,46.155477203159705,34.0,0.372704629292794,BS159,3.0,2010-01-01,0.07053687,2009-01-01,294.81139914194745,282.516719977061,"{""geodesic"":false,""type"":""Point"",""coordinates"":[-121.5,36.5]}"
3_0000000000000000005f_0,46.155477203159705,34.0,0.372704629292794,BS160,3.0,2010-01-01,0.07053687,2009-01-01,294.81139914194745,282.516719977061,"{""geodesic"":false,""type"":""Point"",""coordinates"":[-121.5,36.5]}"
3_00000000000000000060_0,46.155477203159705,34.0,0.372704629292794,BS161,3.0,2010-01-01,0.07053687,2009-01-01,294.81139914194745,282.516719977061,"{""geodesic"":false,""type"":""Point"",""coordinates"":[-121.5,36.5]}"
3_00000000000000000061_0,46.155477203159705,34.0,0.372704629292794,BS162,3.0,2010-01-01,0.07053687,2009-01-01,294.81139914194745,282.516719977061,"{""geodesic"":false,""type"":""Point"",""coordinates"":[-121.5,36.5]}"
3_00000000000000000062_0,46.155477203159705,34.0,0.372704629292794,BS163,3.0,2010-01-01,0.07053687,2009-01-01,294.81139914194745,282.516719977061,"{""geodesic"":false,""type"":""Point"",""coordinates"":[-121.5,36.5]}"
3_00000000000000000063_0,46.155477203159705,34.0,0.372704629292794,BS165,3.0,2010-01-01,0.07053687,2009-01-01,294.81139914194745,282.516719977061,"{""geodesic"":false,""type"":""Point"",""coordinates"":[-121.5,36.5]}"
3_00000000000000000064_0,46.155477203159705,34.0,0.372704629292794,BS166,3.0,2010-01-01,0.07053687,2009-01-01,294.81139914194745,282.516719977061,"{""geodesic"":false,""type"":""Point"",""coordinates"":[-121.5,36.5]}"
3_00000000000000000065_0,46.155477203159705,34.0,0.372704629292794,BS167,3.0,2010-01-01,0.07053687,2009-01-01,294.81139914194745,282.516719977061,"{""geodesic"":false,""type"":""Point"",""coordinates"":[-121.5,36.5]}"
3_00000000000000000066_0,46.155477203159705,34.0,0.372704629292794,BS168,3.0,2010-01-01,0.07053687,2009-01-01,294.81139914194745,282.516719977061,"{""geodesic"":false,""type"":""Point"",""coordinates"":[-121.5,36.5]}"
3_00000000000000000067_0,46.155477203159705,34.0,0.372704629292794,BS172,3.0,2010-01-01,0.07053687,2009-01-01,294.81139914194745,282.516719977061,"{""geodesic"":false,""type"":""Point"",""coordinates"":[-121.5,36.5]}"
3_00000000000000000068_0,46.155477203159705,34.0,0.372704629292794,BS175,3.0,2010-01-01,0.07053687,2009-01-01,294.81139914194745,282.516719977061,"{""geodesic"":false,""type"":""Point"",""coordinates"":[-121.5,36.5]}"
3_00000000000000000069_0,46.155477203159705,34.0,0.372704629292794,BS176,3.0,2010-01-01,0.07053687,2009-01-01,294.81139914194745,282.516719977061,"{""geodesic"":false,""type"":""Point"",""coordinates"":[-121.5,36.5]}"
3_0000000000000000006a_0,46.155477203159705,34.0,0.372704629292794,BS177,3.0,2010-01-01,0.07053687,2009-01-01,294.81139914194745,282.516719977061,"{""geodesic"":false,""type"":""Point"",""coordinates"":[-121.5,36.5]}"
3_0000000000000000006b_0,46.155477203159705,34.0,0.372704629292794,BS186,3.0,2010-01-01,0.07053687,2009-01-01,294.81139914194745,282.516719977061,"{""geodesic"":false,""type"":""Point"",""coordinates"":[-121.5,36.5]}"
3_0000000000000000006c_0,46.155477203159705,34.0,0.372704629292794,BS187,3.0,2010-01-01,0.07053687,2009-01-01,294.81139914194745,282.516719977061,"{""geodesic"":false,""type"":""Point"",""coordinates"":[-121.5,36.5]}"
3_0000000000000000006d_0,46.155477203159705,34.0,0.372704629292794,BS188,3.0,2010-01-01,0.07053687,2009-01-01,294.81139914194745,282.516719977061,"{""geodesic"":false,""type"":""Point"",""coordinates"":[-121.5,36.5]}"
3_0000000000000000006e_0,46.155477203159705,34.0,0.372704629292794,BS190,3.0,2010-01-01,0.07053687,2009-01-01,294.81139914194745,282.516719977061,"{""geodesic"":false,""type"":""Point"",""coordinates"":[-121.5,36.5]}"
3_0000000000000000006f_0,46.155477203159705,34.0,0.372704629292794,BS193,3.0,2010-01-01,0.07053687,2009-01-01,294.81139914194745,282.516719977061,"{""geodesic"":false,""type"":""Point"",""coordinates"":[-121.5,36.5]}"
3_00000000000000000070_0,46.155477203159705,34.0,0.372704629292794,BS194,3.0,2010-01-01,0.07053687,2009-01-01,294.81139914194745,282.516719977061,"{""geodesic"":false,""type"":""Point"",""coordinates"":[-121.5,36.5]}"
3_00000000000000000071_0,46.155477203159705,34.0,0.372704629292794,BS195,3.0,2010-01-01,0.07053687,2009-01-01,294.81139914194745,282.516719977061,"{""geodesic"":false,""type"":""Point"",""coordinates"":[-121.5,36.5]}"
3_00000000000000000072_0,46.155477203159705,34.0,0.372704629292794,BS196,3.0,2010-01-01,0.07053687,2009-01-01,294.81139914194745,282.516719977061,"{""geodesic"":false,""type"":""Point"",""coordinates"":[-121.5,36.5]}"
3_00000000000000000073_0,46.155477203159705,34.0,0.372704629292794,BS201,3.0,2010-01-01,0.07053687,2009-01-01,294.81139914194745,282.516719977061,"{""geodesic"":false,""type"":""Point"",""coordinates"":[-121.5,36.5]}"
3_00000000000000000074_0,46.155477203159705,34.0,0.372704629292794,BS202,3.0,2010-01-01,0.07053687,2009-01-01,294.81139914194745,282.516719977061,"{""geodesic"":false,""type"":""Point"",""coordinates"":[-121.5,36.5]}"
3_00000000000000000075_0,46.155477203159705,34.0,0.372704629292794,BS203,3.0,2010-01-01,0.07053687,2009-01-01,294.81139914194745,282.516719977061,"{""geodesic"":false,""type"":""Point"",""coordinates"":[-121.5,36.5]}"
3_00000000000000000076_0,46.155477203159705,34.0,0.372704629292794,BS204,3.0,2010-01-01,0.07053687,2009-01-01,294.81139914194745,282.516719977061,"{""geodesic"":false,""type"":""Point"",""coordinates"":[-121.5,36.5]}"
3_00000000000000000077_0,46.155477203159705,34.0,0.372704629292794,BS205,3.0,2010-01-01,0.07053687,2009-01-01,294.81139914194745,282.516719977061,"{""geodesic"":false,""type"":""Point"",""coordinates"":[-121.5,36.5]}"
3_00000000000000000078_0,46.155477203159705,34.0,0.372704629292794,BS207,3.0,2010-01-01,0.07053687,2009-01-01,294.81139914194745,282.516719977061,"{""geodesic"":false,""type"":""Point"",""coordinates"":[-121.5,36.5]}"
3_00000000000000000079_0,46.155477203159705,34.0,0.372704629292794,BS210,3.0,2010-01-01,0.07053687,2009-01-01,294.81139914194745,282.516719977061,"{""geodesic"":false,""type"":""Point"",""coordinates"":[-121.5,36.5]}"
3_0000000000000000007a_0,46.155477203159705,34.0,0.372704629292794,BS217,3.0,2010-01-01,0.07053687,2009-01-01,294.81139914194745,282.516719977061,"{""geodesic"":false,""type"":""Point"",""coordinates"":[-121.5,36.5]}"
3_0000000000000000007b_0,46.155477203159705,34.0,0.372704629292794,BS218,3.0,2010-01-01,0.07053687,2009-01-01,294.81139914194745,282.516719977061,"{""geodesic"":false,""type"":""Point"",""coordinates"":[-121.5,36.5]}"
3_0000000000000000007c_0,46.155477203159705,34.0,0.372704629292794,BS219,3.0,2010-01-01,0.07053687,2009-01-01,294.81139914194745,282.516719977061,"{""geodesic"":false,""type"":""Point"",""coordinates"":[-121.5,36.5]}"
3_0000000000000000007d_0,46.155477203159705,34.0,0.372704629292794,BS220,3.0,2010-01-01,0.07053687,2009-01-01,294.81139914194745,282.516719977061,"{""geodesic"":false,""type"":""Point"",""coordinates"":[-121.5,36.5]}"
3_0000000000000000007e_0,46.155477203159705,34.0,0.372704629292794,BS221,3.0,2010-01-01,0.07053687,2009-01-01,294.81139914194745,282.516719977061,"{""geodesic"":false,""type"":""Point"",""coordinates"":[-121.5,36.5]}"
3_0000000000000000007f_0,46.155477203159705,34.0,0.372704629292794,BS222,3.0,2010-01-01,0.07053687,2009-01-01,294.81139914194745,282.516719977061,"{""geodesic"":false,""type"":""Point"",""coordinates"":[-121.5,36.5]}"
3_00000000000000000080_0,46.155477203159705,34.0,0.372704629292794,BS223,3.0,2010-01-01,0.07053687,2009-01-01,294.81139914194745,282.516719977061,"{""geodesic"":false,""type"":""Point"",""coordinates"":[-121.5,36.5]}"
3_00000000000000000081_0,46.155477203159705,34.0,0.372704629292794,BS224,3.0,2010-01-01,0.07053687,2009-01-01,294.81139914194745,282.516719977061,"{""geodesic"":false,""type"":""Point"",""coordinates"":[-121.5,36.5]}"
3_00000000000000000082_0,46.155477203159705,34.0,0.372704629292794,BS226,3.0,2010-01-01,0.07053687,2009-01-01,294.81139914194745,282.516719977061,"{""geodesic"":false,""type"":""Point"",""coordinates"":[-121.5,36.5]}"
3_00000000000000000083_0,46.155477203159705,34.0,0.372704629292794,BS228,3.0,2010-01-01,0.07053687,2009-01-01,294.81139914194745,282.516719977061,"{""geodesic"":false,""type"":""Point"",""coordinates"":[-121.5,36.5]}"
3_00000000000000000084_0,46.155477203159705,34.0,0.372704629292794,BS229,3.0,2010-01-01,0.07053687,2009-01-01,294.81139914194745,282.516719977061,"{""geodesic"":false,""type"":""Point"",""coordinates"":[-121.5,36.5]}"
3_00000000000000000085_0,46.155477203159705,34.0,0.372704629292794,BS230,3.0,2010-01-01,0.07053687,2009-01-01,294.81139914194745,282.516719977061,"{""geodesic"":false,""type"":""Point"",""coordinates"":[-121.5,36.5]}"
3_00000000000000000086_0,46.155477203159705,34.0,0.372704629292794,BS232,3.0,2010-01-01,0.07053687,2009-01-01,294.81139914194745,282.516719977061,"{""geodesic"":false,""type"":""Point"",""coordinates"":[-121.5,36.5]}"
3_00000000000000000087_0,46.155477203159705,34.0,0.372704629292794,BS233,3.0,2010-01-01,0.07053687,2009-01-01,294.81139914194745,282.516719977061,"{""geodesic"":false,""type"":""Point"",""coordinates"":[-121.5,36.5]}"
3_00000000000000000088_0,46.155477203159705,34.0,0.372704629292794,BS234,3.0,2010-01-01,0.07053687,2009-01-01,294.81139914194745,282.516719977061,"{""geodesic"":false,""type"":""Point"",""coordinates"":[-121.5,36.5]}"
3_00000000000000000089_0,46.155477203159705,34.0,0.372704629292794,BS236,3.0,2010-01-01,0.07053687,2009-01-01,294.81139914194745,282.516719977061,"{""geodesic"":false,""type"":""Point"",""coordinates"":[-121.5,36.5]}"
3_0000000000000000008a_0,46.155477203159705,34.0,0.372704629292794,BS239,3.0,2010-01-01,0.07053687,2009-01-01,294.81139914194745,282.516719977061,"{""geodesic"":false,""type"":""Point"",""coordinates"":[-121.5,36.5]}"
3_0000000000000000008b_0,46.155477203159705,34.0,0.372704629292794,BS240,3.0,2010-01-01,0.07053687,2009-01-01,294.81139914194745,282.516719977061,"{""geodesic"":false,""type"":""Point"",""coordinates"":[-121.5,36.5]}"
3_0000000000000000008c_0,46.155477203159705,34.0,0.372704629292794,BS241,3.0,2010-01-01,0.07053687,2009-01-01,294.81139914194745,282.516719977061,"{""geodesic"":false,""type"":""Point"",""coordinates"":[-121.5,36.5]}"
3_0000000000000000008d_0,46.155477203159705,34.0,0.372704629292794,BS242,3.0,2010-01-01,0.07053687,2009-01-01,294.81139914194745,282.516719977061,"{""geodesic"":false,""type"":""Point"",""coordinates"":[-121.5,36.5]}"
3_0000000000000000008e_0,46.155477203159705,34.0,0.372704629292794,BS243,3.0,2010-01-01,0.07053687,2009-01-01,294.81139914194745,282.516719977061,"{""geodesic"":false,""type"":""Point"",""coordinates"":[-121.5,36.5]}"
3_0000000000000000008f_0,46.155477203159705,34.0,0.372704629292794,BS244,3.0,2010-01-01,0.07053687,2009-01-01,294.81139914194745,282.516719977061,"{""geodesic"":false,""type"":""Point"",""coordinates"":[-121.5,36.5]}"
3_00000000000000000090_0,46.155477203159705,34.0,0.372704629292794,BS245,3.0,2010-01-01,0.07053687,2009-01-01,294.81139914194745,282.516719977061,"{""geodesic"":false,""type"":""Point"",""coordinates"":[-121.5,36.5]}"
3_00000000000000000091_0,46.155477203159705,34.0,0.372704629292794,BS246,3.0,2010-01-01,0.07053687,2009-01-01,294.81139914194745,282.516719977061,"{""geodesic"":false,""type"":""Point"",""coordinates"":[-121.5,36.5]}"
3_00000000000000000092_0,46.155477203159705,34.0,0.372704629292794,BS247,3.0,2010-01-01,0.07053687,2009-01-01,294.81139914194745,282.516719977061,"{""geodesic"":false,""type"":""Point"",""coordinates"":[-121.5,36.5]}"
3_00000000000000000093_0,46.155477203159705,34.0,0.372704629292794,BS248,3.0,2010-01-01,0.07053687,2009-01-01,294.81139914194745,282.516719977061,"{""geodesic"":false,""type"":""Point"",""coordinates"":[-121.5,36.5]}"
3_00000000000000000094_0,46.155477203159705,34.0,0.372704629292794,BS249,3.0,2010-01-01,0.07053687,2009-01-01,294.81139914194745,282.516719977061,"{""geodesic"":false,""type"":""Point"",""coordinates"":[-121.5,36.5]}"
3_00000000000000000095_0,46.155477203159705,34.0,0.372704629292794,BS251,3.0,2010-01-01,0.07053687,2009-01-01,294.81139914194745,282.516719977061,"{""geodesic"":false,""type"":""Point"",""coordinates"":[-121.5,36.5]}"
3_00000000000000000096_0,46.155477203159705,34.0,0.372704629292794,BS253,3.0,2010-01-01,0.07053687,2009-01-01,294.81139914194745,282.516719977061,"{""geodesic"":false,""type"":""Point"",""coordinates"":[-121.5,36.5]}"
3_00000000000000000097_0,46.155477203159705,34.0,0.372704629292794,BS254,3.0,2010-01-01,0.07053687,2009-01-01,294.81139914194745,282.516719977061,"{""geodesic"":false,""type"":""Point"",""coordinates"":[-121.5,36.5]}"
3_00000000000000000098_0,46.155477203159705,34.0,0.372704629292794,BS257,3.0,2010-01-01,0.07053687,2009-01-01,294.81139914194745,282.516719977061,"{""geodesic"":false,""type"":""Point"",""coordinates"":[-121.5,36.5]}"
3_00000000000000000099_0,46.155477203159705,34.0,0.372704629292794,BS259,3.0,2010-01-01,0.07053687,2009-01-01,294.81139914194745,282.516719977061,"{""geodesic"":false,""type"":""Point"",""coordinates"":[-121.5,36.5]}"
3_0000000000000000009a_0,46.155477203159705,34.0,0.372704629292794,BS260,3.0,2010-01-01,0.07053687,2009-01-01,294.81139914194745,282.516719977061,"{""geodesic"":false,""type"":""Point"",""coordinates"":[-121.5,36.5]}"
3_0000000000000000009b_0,46.155477203159705,34.0,0.372704629292794,BS262,3.0,2010-01-01,0.07053687,2009-01-01,294.81139914194745,282.516719977061,"{""geodesic"":false,""type"":""Point"",""coordinates"":[-121.5,36.5]}"
3_0000000000000000009c_0,46.155477203159705,34.0,0.372704629292794,BS265,3.0,2010-01-01,0.07053687,2009-01-01,294.81139914194745,282.516719977061,"{""geodesic"":false,""type"":""Point"",""coordinates"":[-121.5,36.5]}"
3_0000000000000000009d_0,46.155477203159705,34.0,0.372704629292794,BS267,3.0,2010-01-01,0.07053687,2009-01-01,294.81139914194745,282.516719977061,"{""geodesic"":false,""type"":""Point"",""coordinates"":[-121.5,36.5]}"
3_0000000000000000009e_0,46.155477203159705,34.0,0.372704629292794,BS271,3.0,2010-01-01,0.07053687,2009-01-01,294.81139914194745,282.516719977061,"{""geodesic"":false,""type"":""Point"",""coordinates"":[-121.5,36.5]}"
3_0000000000000000009f_0,46.155477203159705,34.0,0.372704629292794,BS272,3.0,2010-01-01,0.07053687,2009-01-01,294.81139914194745,282.516719977061,"{""geodesic"":false,""type"":""Point"",""coordinates"":[-121.5,36.5]}"
3_000000000000000000a0_0,46.155477203159705,34.0,0.372704629292794,BS273,3.0,2010-01-01,0.07053687,2009-01-01,294.81139914194745,282.516719977061,"{""geodesic"":false,""type"":""Point"",""coordinates"":[-121.5,36.5]}"
3_000000000000000000a1_0,46.155477203159705,34.0,0.372704629292794,BS274,3.0,2010-01-01,0.07053687,2009-01-01,294.81139914194745,282.516719977061,"{""geodesic"":false,""type"":""Point"",""coordinates"":[-121.5,36.5]}"
3_000000000000000000a2_0,46.155477203159705,34.0,0.372704629292794,BS276,3.0,2010-01-01,0.07053687,2009-01-01,294.81139914194745,282.516719977061,"{""geodesic"":false,""type"":""Point"",""coordinates"":[-121.5,36.5]}"
3_000000000000000000a3_0,46.155477203159705,34.0,0.372704629292794,BS277,3.0,2010-01-01,0.07053687,2009-01-01,294.81139914194745,282.516719977061,"{""geodesic"":false,""type"":""Point"",""coordinates"":[-121.5,36.5]}"
3_000000000000000000a4_0,46.155477203159705,34.0,0.372704629292794,BS278,3.0,2010-01-01,0.07053687,2009-01-01,294.81139914194745,282.516719977061,"{""geodesic"":false,""type"":""Point"",""coordinates"":[-121.5,36.5]}"
3_000000000000000000a5_0,46.155477203159705,34.0,0.372704629292794,BS279,3.0,2010-01-01,0.07053687,2009-01-01,294.81139914194745,282.516719977061,"{""geodesic"":false,""type"":""Point"",""coordinates"":[-121.5,36.5]}"
3_000000000000000000a6_0,46.155477203159705,34.0,0.372704629292794,BS281,3.0,2010-01-01,0.07053687,2009-01-01,294.81139914194745,282.516719977061,"{""geodesic"":false,""type"":""Point"",""coordinates"":[-121.5,36.5]}"
3_000000000000000000a7_0,46.155477203159705,34.0,0.372704629292794,BS282,3.0,2010-01-01,0.07053687,2009-01-01,294.81139914194745,282.516719977061,"{""geodesic"":false,""type"":""Point"",""coordinates"":[-121.5,36.5]}"
3_000000000000000000a8_0,46.155477203159705,34.0,0.372704629292794,BS283,3.0,2010-01-01,0.07053687,2009-01-01,294.81139914194745,282.516719977061,"{""geodesic"":false,""type"":""Point"",""coordinates"":[-121.5,36.5]}"
3_000000000000000000a9_0,46.155477203159705,34.0,0.372704629292794,BS287,3.0,2010-01-01,0.07053687,2009-01-01,294.81139914194745,282.516719977061,"{""geodesic"":false,""type"":""Point"",""coordinates"":[-121.5,36.5]}"
3_000000000000000000aa_0,46.155477203159705,34.0,0.372704629292794,BS292,3.0,2010-01-01,0.07053687,2009-01-01,294.81139914194745,282.516719977061,"{""geodesic"":false,""type"":""Point"",""coordinates"":[-121.5,36.5]}"
3_000000000000000000ab_0,46.155477203159705,34.0,0.372704629292794,BS293,3.0,2010-01-01,0.07053687,2009-01-01,294.81139914194745,282.516719977061,"{""geodesic"":false,""type"":""Point"",""coordinates"":[-121.5,36.5]}"
3_000000000000000000ac_0,46.155477203159705,34.0,0.372704629292794,BS294,3.0,2010-01-01,0.07053687,2009-01-01,294.81139914194745,282.516719977061,"{""geodesic"":false,""type"":""Point"",""coordinates"":[-121.5,36.5]}"
3_000000000000000000ae_0,46.155477203159705,34.0,0.372704629292794,BS296,3.0,2010-01-01,0.07053687,2009-01-01,294.81139914194745,282.516719977061,"{""geodesic"":false,""type"":""Point"",""coordinates"":[-121.5,36.5]}"
3_000000000000000000af_0,46.155477203159705,34.0,0.372704629292794,BS297,3.0,2010-01-01,0.07053687,2009-01-01,294.81139914194745,282.516719977061,"{""geodesic"":false,""type"":""Point"",""coordinates"":[-121.5,36.5]}"
3_000000000000000000c9_0,46.155477203159705,34.0,0.372704629292794,BS355,3.0,2010-01-01,0.07053687,2009-01-01,294.81139914194745,282.516719977061,"{""geodesic"":false,""type"":""Point"",""coordinates"":[-121.5,36.5]}"
3_000000000000000000ca_0,46.155477203159705,34.0,0.372704629292794,BS358,3.0,2010-01-01,0.07053687,2009-01-01,294.81139914194745,282.516719977061,"{""geodesic"":false,""type"":""Point"",""coordinates"":[-121.5,36.5]}"
3_000000000000000000cb_0,46.155477203159705,34.0,0.372704629292794,BS359,3.0,2010-01-01,0.07053687,2009-01-01,294.81139914194745,282.516719977061,"{""geodesic"":false,""type"":""Point"",""coordinates"":[-121.5,36.5]}"
3_000000000000000000cc_0,46.155477203159705,34.0,0.372704629292794,BS360,3.0,2010-01-01,0.07053687,2009-01-01,294.81139914194745,282.516719977061,"{""geodesic"":false,""type"":""Point"",""coordinates"":[-121.5,36.5]}"
3_000000000000000000cd_0,46.155477203159705,34.0,0.372704629292794,BS365,3.0,2010-01-01,0.07053687,2009-01-01,294.81139914194745,282.516719977061,"{""geodesic"":false,""type"":""Point"",""coordinates"":[-121.5,36.5]}"
3_000000000000000000ce_0,46.155477203159705,34.0,0.372704629292794,BS372,3.0,2010-01-01,0.07053687,2009-01-01,294.81139914194745,282.516719977061,"{""geodesic"":false,""type"":""Point"",""coordinates"":[-121.5,36.5]}"
3_000000000000000000cf_0,46.155477203159705,34.0,0.372704629292794,BS373,3.0,2010-01-01,0.07053687,2009-01-01,294.81139914194745,282.516719977061,"{""geodesic"":false,""type"":""Point"",""coordinates"":[-121.5,36.5]}"
3_000000000000000000d0_0,46.155477203159705,34.0,0.372704629292794,BS376,3.0,2010-01-01,0.07053687,2009-01-01,294.81139914194745,282.516719977061,"{""geodesic"":false,""type"":""Point"",""coordinates"":[-121.5,36.5]}"
3_000000000000000000d1_0,46.155477203159705,34.0,0.372704629292794,BS378,3.0,2010-01-01,0.07053687,2009-01-01,294.81139914194745,282.516719977061,"{""geodesic"":false,""type"":""Point"",""coordinates"":[-121.5,36.5]}"
3_000000000000000000d2_0,46.155477203159705,34.0,0.372704629292794,BS379,3.0,2010-01-01,0.07053687,2009-01-01,294.81139914194745,282.516719977061,"{""geodesic"":false,""type"":""Point"",""coordinates"":[-121.5,36.5]}"
3_000000000000000000d3_0,46.155477203159705,34.0,0.372704629292794,BS382,3.0,2010-01-01,0.07053687,2009-01-01,294.81139914194745,282.516719977061,"{""geodesic"":false,""type"":""Point"",""coordinates"":[-121.5,36.5]}"
3_000000000000000000d4_0,46.155477203159705,34.0,0.372704629292794,BS383,3.0,2010-01-01,0.07053687,2009-01-01,294.81139914194745,282.516719977061,"{""geodesic"":false,""type"":""Point"",""coordinates"":[-121.5,36.5]}"
3_000000000000000000d5_0,46.155477203159705,34.0,0.372704629292794,BS384,3.0,2010-01-01,0.07053687,2009-01-01,294.81139914194745,282.516719977061,"{""geodesic"":false,""type"":""Point"",""coordinates"":[-121.5,36.5]}"
3_000000000000000000d6_0,46.155477203159705,34.0,0.372704629292794,BS388,3.0,2010-01-01,0.07053687,2009-01-01,294.81139914194745,282.516719977061,"{""geodesic"":false,""type"":""Point"",""coordinates"":[-121.5,36.5]}"
3_000000000000000000d7_0,46.155477203159705,34.0,0.372704629292794,BS389,3.0,2010-01-01,0.07053687,2009-01-01,294.81139914194745,282.516719977061,"{""geodesic"":false,""type"":""Point"",""coordinates"":[-121.5,36.5]}"
3_000000000000000000d8_0,46.155477203159705,34.0,0.372704629292794,BS390,3.0,2010-01-01,0.07053687,2009-01-01,294.81139914194745,282.516719977061,"{""geodesic"":false,""type"":""Point"",""coordinates"":[-121.5,36.5]}"
3_000000000000000000d9_0,46.155477203159705,34.0,0.372704629292794,BS391,3.0,2010-01-01,0.07053687,2009-01-01,294.81139914194745,282.516719977061,"{""geodesic"":false,""type"":""Point"",""coordinates"":[-121.5,36.5]}"
3_000000000000000000da_0,46.155477203159705,34.0,0.372704629292794,BS392,3.0,2010-01-01,0.07053687,2009-01-01,294.81139914194745,282.516719977061,"{""geodesic"":false,""type"":""Point"",""coordinates"":[-121.5,36.5]}"
3_000000000000000000db_0,46.155477203159705,34.0,0.372704629292794,BS393,3.0,2010-01-01,0.07053687,2009-01-01,294.81139914194745,282.516719977061,"{""geodesic"":false,""type"":""Point"",""coordinates"":[-121.5,36.5]}"
3_000000000000000000dc_0,46.155477203159705,34.0,0.372704629292794,BS394,3.0,2010-01-01,0.07053687,2009-01-01,294.81139914194745,282.516719977061,"{""geodesic"":false,""type"":""Point"",""coordinates"":[-121.5,36.5]}"
3_000000000000000000de_0,46.155477203159705,34.0,0.372704629292794,BS405,3.0,2010-01-01,0.07053687,2009-01-01,294.81139914194745,282.516719977061,"{""geodesic"":false,""type"":""Point"",""coordinates"":[-121.5,36.5]}"
3_000000000000000000df_0,46.155477203159705,34.0,0.372704629292794,BS407,3.0,2010-01-01,0.07053687,2009-01-01,294.81139914194745,282.516719977061,"{""geodesic"":false,""type"":""Point"",""coordinates"":[-121.5,36.5]}"
3_000000000000000000e0_0,46.155477203159705,34.0,0.372704629292794,BS408,3.0,2010-01-01,0.07053687,2009-01-01,294.81139914194745,282.516719977061,"{""geodesic"":false,""type"":""Point"",""coordinates"":[-121.5,36.5]}"
3_000000000000000000e3_0,46.155477203159705,34.0,0.372704629292794,BS415,3.0,2010-01-01,0.07053687,2009-01-01,294.81139914194745,282.516719977061,"{""geodesic"":false,""type"":""Point"",""coordinates"":[-121.5,36.5]}"
3_000000000000000000e4_0,46.155477203159705,34.0,0.372704629292794,BS416,3.0,2010-01-01,0.07053687,2009-01-01,294.81139914194745,282.516719977061,"{""geodesic"":false,""type"":""Point"",""coordinates"":[-121.5,36.5]}"
3_000000000000000000e5_0,46.155477203159705,34.0,0.372704629292794,BS420,3.0,2010-01-01,0.07053687,2009-01-01,294.81139914194745,282.516719977061,"{""geodesic"":false,""type"":""Point"",""coordinates"":[-121.5,36.5]}"
3_000000000000000000e6_0,46.155477203159705,34.0,0.372704629292794,BS423,3.0,2010-01-01,0.07053687,2009-01-01,294.81139914194745,282.516719977061,"{""geodesic"":false,""type"":""Point"",""coordinates"":[-121.5,36.5]}"
3_000000000000000000e7_0,46.155477203159705,34.0,0.372704629292794,BS425,3.0,2010-01-01,0.07053687,2009-01-01,294.81139914194745,282.516719977061,"{""geodesic"":false,""type"":""Point"",""coordinates"":[-121.5,36.5]}"
3_000000000000000000e8_0,46.155477203159705,34.0,0.372704629292794,BS426,3.0,2010-01-01,0.07053687,2009-01-01,294.81139914194745,282.516719977061,"{""geodesic"":false,""type"":""Point"",""coordinates"":[-121.5,36.5]}"
3_000000000000000000e9_0,46.155477203159705,34.0,0.372704629292794,BS427,3.0,2010-01-01,0.07053687,2009-01-01,294.81139914194745,282.516719977061,"{""geodesic"":false,""type"":""Point"",""coordinates"":[-121.5,36.5]}"
3_000000000000000000ea_0,46.155477203159705,34.0,0.372704629292794,BS429,3.0,2010-01-01,0.07053687,2009-01-01,294.81139914194745,282.516719977061,"{""geodesic"":false,""type"":""Point"",""coordinates"":[-121.5,36.5]}"
3_000000000000000000eb_0,46.155477203159705,34.0,0.372704629292794,BS430,3.0,2010-01-01,0.07053687,2009-01-01,294.81139914194745,282.516719977061,"{""geodesic"":false,""type"":""Point"",""coordinates"":[-121.5,36.5]}"
3_000000000000000000ec_0,46.155477203159705,34.0,0.372704629292794,BS431,3.0,2010-01-01,0.07053687,2009-01-01,294.81139914194745,282.516719977061,"{""geodesic"":false,""type"":""Point"",""coordinates"":[-121.5,36.5]}"
3_000000000000000000ed_0,46.155477203159705,34.0,0.372704629292794,BS433,3.0,2010-01-01,0.07053687,2009-01-01,294.81139914194745,282.516719977061,"{""geodesic"":false,""type"":""Point"",""coordinates"":[-121.5,36.5]}"
3_000000000000000000ee_0,46.155477203159705,34.0,0.372704629292794,BS434,3.0,2010-01-01,0.07053687,2009-01-01,294.81139914194745,282.516719977061,"{""geodesic"":false,""type"":""Point"",""coordinates"":[-121.5,36.5]}"
3_000000000000000000ef_0,46.155477203159705,34.0,0.372704629292794,BS436,3.0,2010-01-01,0.07053687,2009-01-01,294.81139914194745,282.516719977061,"{""geodesic"":false,""type"":""Point"",""coordinates"":[-121.5,36.5]}"
3_000000000000000000f0_0,46.155477203159705,34.0,0.372704629292794,BS438,3.0,2010-01-01,0.07053687,2009-01-01,294.81139914194745,282.516719977061,"{""geodesic"":false,""type"":""Point"",""coordinates"":[-121.5,36.5]}"
3_000000000000000000f1_0,46.155477203159705,34.0,0.372704629292794,BS457,3.0,2010-01-01,0.07053687,2009-01-01,294.81139914194745,282.516719977061,"{""geodesic"":false,""type"":""Point"",""coordinates"":[-121.5,36.5]}"
3_000000000000000000f2_0,46.155477203159705,34.0,0.372704629292794,BS458,3.0,2010-01-01,0.07053687,2009-01-01,294.81139914194745,282.516719977061,"{""geodesic"":false,""type"":""Point"",""coordinates"":[-121.5,36.5]}"
3_000000000000000000f3_0,46.155477203159705,34.0,0.372704629292794,BS461,3.0,2010-01-01,0.07053687,2009-01-01,294.81139914194745,282.516719977061,"{""geodesic"":false,""type"":""Point"",""coordinates"":[-121.5,36.5]}"
3_000000000000000000f4_0,46.155477203159705,34.0,0.372704629292794,BS468,3.0,2010-01-01,0.07053687,2009-01-01,294.81139914194745,282.516719977061,"{""geodesic"":false,""type"":""Point"",""coordinates"":[-121.5,36.5]}"
3_000000000000000000f5_0,46.155477203159705,34.0,0.372704629292794,BS469,3.0,2010-01-01,0.07053687,2009-01-01,294.81139914194745,282.516719977061,"{""geodesic"":false,""type"":""Point"",""coordinates"":[-121.5,36.5]}"
3_000000000000000000f6_0,46.155477203159705,34.0,0.372704629292794,BS470,3.0,2010-01-01,0.07053687,2009-01-01,294.81139914194745,282.516719977061,"{""geodesic"":false,""type"":""Point"",""coordinates"":[-121.5,36.5]}"
3_000000000000000000fd_0,46.155477203159705,34.0,0.372704629292794,BS513,3.0,2010-01-01,0.07053687,2009-01-01,294.81139914194745,282.516719977061,"{""geodesic"":false,""type"":""Point"",""coordinates"":[-121.5,36.5]}"
3_000000000000000000fe_0,46.155477203159705,34.0,0.372704629292794,BS518,3.0,2010-01-01,0.07053687,2009-01-01,294.81139914194745,282.516719977061,"{""geodesic"":false,""type"":""Point"",""coordinates"":[-121.5,36.5]}"
3_000000000000000000ff_0,46.155477203159705,34.0,0.372704629292794,BS519,3.0,2010-01-01,0.07053687,2009-01-01,294.81139914194745,282.516719977061,"{""geodesic"":false,""type"":""Point"",""coordinates"":[-121.5,36.5]}"
3_00000000000000000100_0,46.155477203159705,34.0,0.372704629292794,BS520,3.0,2010-01-01,0.07053687,2009-01-01,294.81139914194745,282.516719977061,"{""geodesic"":false,""type"":""Point"",""coordinates"":[-121.5,36.5]}"
3_00000000000000000101_0,46.155477203159705,34.0,0.372704629292794,BS521,3.0,2010-01-01,0.07053687,2009-01-01,294.81139914194745,282.516719977061,"{""geodesic"":false,""type"":""Point"",""coordinates"":[-121.5,36.5]}"
3_00000000000000000102_0,46.155477203159705,34.0,0.372704629292794,BS600,3.0,2010-01-01,0.07053687,2009-01-01,294.81139914194745,282.516719977061,"{""geodesic"":false,""type"":""Point"",""coordinates"":[-121.5,36.5]}"
3_00000000000000000103_0,46.155477203159705,34.0,0.372704629292794,BS601,3.0,2010-01-01,0.07053687,2009-01-01,294.81139914194745,282.516719977061,"{""geodesic"":false,""type"":""Point"",""coordinates"":[-121.5,36.5]}"
3_00000000000000000104_0,46.155477203159705,34.0,0.372704629292794,BS603,3.0,2010-01-01,0.07053687,2009-01-01,294.81139914194745,282.516719977061,"{""geodesic"":false,""type"":""Point"",""coordinates"":[-121.5,36.5]}"
3_00000000000000000105_0,46.155477203159705,34.0,0.372704629292794,BS604,3.0,2010-01-01,0.07053687,2009-01-01,294.81139914194745,282.516719977061,"{""geodesic"":false,""type"":""Point"",""coordinates"":[-121.5,36.5]}"
3_00000000000000000106_0,46.155477203159705,34.0,0.372704629292794,BS605,3.0,2010-01-01,0.07053687,2009-01-01,294.81139914194745,282.516719977061,"{""geodesic"":false,""type"":""Point"",""coordinates"":[-121.5,36.5]}"
3_00000000000000000107_0,46.155477203159705,34.0,0.372704629292794,BS607,3.0,2010-01-01,0.07053687,2009-01-01,294.81139914194745,282.516719977061,"{""geodesic"":false,""type"":""Point"",""coordinates"":[-121.5,36.5]}"
3_00000000000000000108_0,46.155477203159705,34.0,0.372704629292794,BS610,3.0,2010-01-01,0.07053687,2009-01-01,294.81139914194745,282.516719977061,"{""geodesic"":false,""type"":""Point"",""coordinates"":[-121.5,36.5]}"
3_00000000000000000109_0,46.155477203159705,34.0,0.372704629292794,BS611,3.0,2010-01-01,0.07053687,2009-01-01,294.81139914194745,282.516719977061,"{""geodesic"":false,""type"":""Point"",""coordinates"":[-121.5,36.5]}"
3_0000000000000000010a_0,46.155477203159705,34.0,0.372704629292794,BS612,3.0,2010-01-01,0.07053687,2009-01-01,294.81139914194745,282.516719977061,"{""geodesic"":false,""type"":""Point"",""coordinates"":[-121.5,36.5]}"
3_0000000000000000010b_0,46.155477203159705,34.0,0.372704629292794,BS613,3.0,2010-01-01,0.07053687,2009-01-01,294.81139914194745,282.516719977061,"{""geodesic"":false,""type"":""Point"",""coordinates"":[-121.5,36.5]}"
3_0000000000000000010c_0,46.155477203159705,34.0,0.372704629292794,BS620,3.0,2010-01-01,0.07053687,2009-01-01,294.81139914194745,282.516719977061,"{""geodesic"":false,""type"":""Point"",""coordinates"":[-121.5,36.5]}"
3_0000000000000000010d_0,46.155477203159705,34.0,0.372704629292794,BS621,3.0,2010-01-01,0.07053687,2009-01-01,294.81139914194745,282.516719977061,"{""geodesic"":false,""type"":""Point"",""coordinates"":[-121.5,36.5]}"
3_0000000000000000010e_0,46.155477203159705,34.0,0.372704629292794,BS622,3.0,2010-01-01,0.07053687,2009-01-01,294.81139914194745,282.516719977061,"{""geodesic"":false,""type"":""Point"",""coordinates"":[-121.5,36.5]}"
3_0000000000000000010f_0,46.155477203159705,34.0,0.372704629292794,BS623,3.0,2010-01-01,0.07053687,2009-01-01,294.81139914194745,282.516719977061,"{""geodesic"":false,""type"":""Point"",""coordinates"":[-121.5,36.5]}"
3_00000000000000000110_0,46.155477203159705,34.0,0.372704629292794,BS624,3.0,2010-01-01,0.07053687,2009-01-01,294.81139914194745,282.516719977061,"{""geodesic"":false,""type"":""Point"",""coordinates"":[-121.5,36.5]}"
3_00000000000000000111_0,46.155477203159705,34.0,0.372704629292794,BS625,3.0,2010-01-01,0.07053687,2009-01-01,294.81139914194745,282.516719977061,"{""geodesic"":false,""type"":""Point"",""coordinates"":[-121.5,36.5]}"
3_00000000000000000112_0,46.155477203159705,34.0,0.372704629292794,BS626,3.0,2010-01-01,0.07053687,2009-01-01,294.81139914194745,282.516719977061,"{""geodesic"":false,""type"":""Point"",""coordinates"":[-121.5,36.5]}"
3_00000000000000000113_0,46.155477203159705,34.0,0.372704629292794,BS627,3.0,2010-01-01,0.07053687,2009-01-01,294.81139914194745,282.516719977061,"{""geodesic"":false,""type"":""Point"",""coordinates"":[-121.5,36.5]}"
3_00000000000000000114_0,46.155477203159705,34.0,0.372704629292794,BS628,3.0,2010-01-01,0.07053687,2009-01-01,294.81139914194745,282.516719977061,"{""geodesic"":false,""type"":""Point"",""coordinates"":[-121.5,36.5]}"
3_00000000000000000115_0,46.155477203159705,34.0,0.372704629292794,BS629,3.0,2010-01-01,0.07053687,2009-01-01,294.81139914194745,282.516719977061,"{""geodesic"":false,""type"":""Point"",""coordinates"":[-121.5,36.5]}"
3_00000000000000000116_0,46.155477203159705,34.0,0.372704629292794,BS632,3.0,2010-01-01,0.07053687,2009-01-01,294.81139914194745,282.516719977061,"{""geodesic"":false,""type"":""Point"",""coordinates"":[-121.5,36.5]}"
3_00000000000000000117_0,46.155477203159705,34.0,0.372704629292794,BS633,3.0,2010-01-01,0.07053687,2009-01-01,294.81139914194745,282.516719977061,"{""geodesic"":false,""type"":""Point"",""coordinates"":[-121.5,36.5]}"
14_00000000000000000014_0,38.200842150527855,34.0,0.4195517391581009,BS038,3.0,2021-01-01,0.03737206,2020-01-01,296.6078393061956,283.355974316597,"{""geodesic"":false,""type"":""Point"",""coordinates"":[-121.5,36.5]}"
14_00000000000000000015_0,38.200842150527855,34.0,0.4195517391581009,BS044,3.0,2021-01-01,0.03737206,2020-01-01,296.6078393061956,283.355974316597,"{""geodesic"":false,""type"":""Point"",""coordinates"":[-121.5,36.5]}"
14_00000000000000000016_0,38.200842150527855,34.0,0.4195517391581009,BS045,3.0,2021-01-01,0.03737206,2020-01-01,296.6078393061956,283.355974316597,"{""geodesic"":false,""type"":""Point"",""coordinates"":[-121.5,36.5]}"
14_00000000000000000017_0,38.200842150527855,34.0,0.4195517391581009,BS046,3.0,2021-01-01,0.03737206,2020-01-01,296.6078393061956,283.355974316597,"{""geodesic"":false,""type"":""Point"",""coordinates"":[-121.5,36.5]}"
14_00000000000000000018_0,38.200842150527855,34.0,0.4195517391581009,BS047,3.0,2021-01-01,0.03737206,2020-01-01,296.6078393061956,283.355974316597,"{""geodesic"":false,""type"":""Point"",""coordinates"":[-121.5,36.5]}"
14_00000000000000000019_0,38.200842150527855,34.0,0.4195517391581009,BS048,3.0,2021-01-01,0.03737206,2020-01-01,296.6078393061956,283.355974316597,"{""geodesic"":false,""type"":""Point"",""coordinates"":[-121.5,36.5]}"
14_0000000000000000001a_0,38.200842150527855,34.0,0.4195517391581009,BS050,3.0,2021-01-01,0.03737206,2020-01-01,296.6078393061956,283.355974316597,"{""geodesic"":false,""type"":""Point"",""coordinates"":[-121.5,36.5]}"
14_0000000000000000001b_0,38.200842150527855,34.0,0.4195517391581009,BS052,3.0,2021-01-01,0.03737206,2020-01-01,296.6078393061956,283.355974316597,"{""geodesic"":false,""type"":""Point"",""coordinates"":[-121.5,36.5]}"
14_0000000000000000001c_0,38.200842150527855,34.0,0.4195517391581009,BS053,3.0,2021-01-01,0.03737206,2020-01-01,296.6078393061956,283.355974316597,"{""geodesic"":false,""type"":""Point"",""coordinates"":[-121.5,36.5]}"
14_0000000000000000001e_0,38.200842150527855,34.0,0.4195517391581009,BS057,3.0,2021-01-01,0.03737206,2020-01-01,296.6078393061956,283.355974316597,"{""geodesic"":false,""type"":""Point"",""coordinates"":[-121.5,36.5]}"
14_0000000000000000001f_0,38.200842150527855,34.0,0.4195517391581009,BS058,3.0,2021-01-01,0.03737206,2020-01-01,296.6078393061956,283.355974316597,"{""geodesic"":false,""type"":""Point"",""coordinates"":[-121.5,36.5]}"
14_00000000000000000020_0,38.200842150527855,34.0,0.4195517391581009,BS059,3.0,2021-01-01,0.03737206,2020-01-01,296.6078393061956,283.355974316597,"{""geodesic"":false,""type"":""Point"",""coordinates"":[-121.5,36.5]}"
14_00000000000000000021_0,38.200842150527855,34.0,0.4195517391581009,BS060,3.0,2021-01-01,0.03737206,2020-01-01,296.6078393061956,283.355974316597,"{""geodesic"":false,""type"":""Point"",""coordinates"":[-121.5,36.5]}"
14_00000000000000000022_0,38.200842150527855,34.0,0.4195517391581009,BS062,3.0,2021-01-01,0.03737206,2020-01-01,296.6078393061956,283.355974316597,"{""geodesic"":false,""type"":""Point"",""coordinates"":[-121.5,36.5]}"
14_00000000000000000023_0,38.200842150527855,34.0,0.4195517391581009,BS063,3.0,2021-01-01,0.03737206,2020-01-01,296.6078393061956,283.355974316597,"{""geodesic"":false,""type"":""Point"",""coordinates"":[-121.5,36.5]}"
14_00000000000000000024_0,38.200842150527855,34.0,0.4195517391581009,BS066,3.0,2021-01-01,0.03737206,2020-01-01,296.6078393061956,283.355974316597,"{""geodesic"":false,""type"":""Point"",""coordinates"":[-121.5,36.5]}"
14_00000000000000000025_0,38.200842150527855,34.0,0.4195517391581009,BS070,3.0,2021-01-01,0.03737206,2020-01-01,296.6078393061956,283.355974316597,"{""geodesic"":false,""type"":""Point"",""coordinates"":[-121.5,36.5]}"
14_00000000000000000026_0,38.200842150527855,34.0,0.4195517391581009,BS071,3.0,2021-01-01,0.03737206,2020-01-01,296.6078393061956,283.355974316597,"{""geodesic"":false,""type"":""Point"",""coordinates"":[-121.5,36.5]}"
14_00000000000000000027_0,38.200842150527855,34.0,0.4195517391581009,BS072,3.0,2021-01-01,0.03737206,2020-01-01,296.6078393061956,283.355974316597,"{""geodesic"":false,""type"":""Point"",""coordinates"":[-121.5,36.5]}"
14_00000000000000000028_0,38.200842150527855,34.0,0.4195517391581009,BS073,3.0,2021-01-01,0.03737206,2020-01-01,296.6078393061956,283.355974316597,"{""geodesic"":false,""type"":""Point"",""coordinates"":[-121.5,36.5]}"
14_00000000000000000029_0,38.200842150527855,34.0,0.4195517391581009,BS076,3.0,2021-01-01,0.03737206,2020-01-01,296.6078393061956,283.355974316597,"{""geodesic"":false,""type"":""Point"",""coordinates"":[-121.5,36.5]}"
14_0000000000000000002a_0,38.200842150527855,34.0,0.4195517391581009,BS077,3.0,2021-01-01,0.03737206,2020-01-01,296.6078393061956,283.355974316597,"{""geodesic"":false,""type"":""Point"",""coordinates"":[-121.5,36.5]}"
14_0000000000000000002b_0,38.200842150527855,34.0,0.4195517391581009,BS078,3.0,2021-01-01,0.03737206,2020-01-01,296.6078393061956,283.355974316597,"{""geodesic"":false,""type"":""Point"",""coordinates"":[-121.5,36.5]}"
14_0000000000000000002c_0,38.200842150527855,34.0,0.4195517391581009,BS079,3.0,2021-01-01,0.03737206,2020-01-01,296.6078393061956,283.355974316597,"{""geodesic"":false,""type"":""Point"",""coordinates"":[-121.5,36.5]}"
14_0000000000000000002d_0,38.200842150527855,34.0,0.4195517391581009,BS080,3.0,2021-01-01,0.03737206,2020-01-01,296.6078393061956,283.355974316597,"{""geodesic"":false,""type"":""Point"",""coordinates"":[-121.5,36.5]}"
14_0000000000000000002e_0,38.200842150527855,34.0,0.4195517391581009,BS081,3.0,2021-01-01,0.03737206,2020-01-01,296.6078393061956,283.355974316597,"{""geodesic"":false,""type"":""Point"",""coordinates"":[-121.5,36.5]}"
14_0000000000000000002f_0,38.200842150527855,34.0,0.4195517391581009,BS083,3.0,2021-01-01,0.03737206,2020-01-01,296.6078393061956,283.355974316597,"{""geodesic"":false,""type"":""Point"",""coordinates"":[-121.5,36.5]}"
14_00000000000000000030_0,38.200842150527855,34.0,0.4195517391581009,BS084,3.0,2021-01-01,0.03737206,2020-01-01,296.6078393061956,283.355974316597,"{""geodesic"":false,""type"":""Point"",""coordinates"":[-121.5,36.5]}"
14_00000000000000000031_0,38.200842150527855,34.0,0.4195517391581009,BS085,3.0,2021-01-01,0.03737206,2020-01-01,296.6078393061956,283.355974316597,"{""geodesic"":false,""type"":""Point"",""coordinates"":[-121.5,36.5]}"
14_00000000000000000032_0,38.200842150527855,34.0,0.4195517391581009,BS086,3.0,2021-01-01,0.03737206,2020-01-01,296.6078393061956,283.355974316597,"{""geodesic"":false,""type"":""Point"",""coordinates"":[-121.5,36.5]}"
14_00000000000000000033_0,38.200842150527855,34.0,0.4195517391581009,BS087,3.0,2021-01-01,0.03737206,2020-01-01,296.6078393061956,283.355974316597,"{""geodesic"":false,""type"":""Point"",""coordinates"":[-121.5,36.5]}"
14_00000000000000000034_0,38.200842150527855,34.0,0.4195517391581009,BS088,3.0,2021-01-01,0.03737206,2020-01-01,296.6078393061956,283.355974316597,"{""geodesic"":false,""type"":""Point"",""coordinates"":[-121.5,36.5]}"
14_00000000000000000035_0,38.200842150527855,34.0,0.4195517391581009,BS089,3.0,2021-01-01,0.03737206,2020-01-01,296.6078393061956,283.355974316597,"{""geodesic"":false,""type"":""Point"",""coordinates"":[-121.5,36.5]}"
14_00000000000000000036_0,38.200842150527855,34.0,0.4195517391581009,BS090,3.0,2021-01-01,0.03737206,2020-01-01,296.6078393061956,283.355974316597,"{""geodesic"":false,""type"":""Point"",""coordinates"":[-121.5,36.5]}"
14_00000000000000000037_0,38.200842150527855,34.0,0.4195517391581009,BS092,3.0,2021-01-01,0.03737206,2020-01-01,296.6078393061956,283.355974316597,"{""geodesic"":false,""type"":""Point"",""coordinates"":[-121.5,36.5]}"
14_00000000000000000038_0,38.200842150527855,34.0,0.4195517391581009,BS094,3.0,2021-01-01,0.03737206,2020-01-01,296.6078393061956,283.355974316597,"{""geodesic"":false,""type"":""Point"",""coordinates"":[-121.5,36.5]}"
14_00000000000000000039_0,38.200842150527855,34.0,0.4195517391581009,BS098,3.0,2021-01-01,0.03737206,2020-01-01,296.6078393061956,283.355974316597,"{""geodesic"":false,""type"":""Point"",""coordinates"":[-121.5,36.5]}"
14_0000000000000000003a_0,38.200842150527855,34.0,0.4195517391581009,BS102,3.0,2021-01-01,0.03737206,2020-01-01,296.6078393061956,283.355974316597,"{""geodesic"":false,""type"":""Point"",""coordinates"":[-121.5,36.5]}"
14_0000000000000000003b_0,38.200842150527855,34.0,0.4195517391581009,BS103,3.0,2021-01-01,0.03737206,2020-01-01,296.6078393061956,283.355974316597,"{""geodesic"":false,""type"":""Point"",""coordinates"":[-121.5,36.5]}"
14_0000000000000000003c_0,38.200842150527855,34.0,0.4195517391581009,BS111,3.0,2021-01-01,0.03737206,2020-01-01,296.6078393061956,283.355974316597,"{""geodesic"":false,""type"":""Point"",""coordinates"":[-121.5,36.5]}"
14_0000000000000000003d_0,38.200842150527855,34.0,0.4195517391581009,BS112,3.0,2021-01-01,0.03737206,2020-01-01,296.6078393061956,283.355974316597,"{""geodesic"":false,""type"":""Point"",""coordinates"":[-121.5,36.5]}"
14_0000000000000000003e_0,38.200842150527855,34.0,0.4195517391581009,BS118,3.0,2021-01-01,0.03737206,2020-01-01,296.6078393061956,283.355974316597,"{""geodesic"":false,""type"":""Point"",""coordinates"":[-121.5,36.5]}"
14_0000000000000000003f_0,38.200842150527855,34.0,0.4195517391581009,BS119,3.0,2021-01-01,0.03737206,2020-01-01,296.6078393061956,283.355974316597,"{""geodesic"":false,""type"":""Point"",""coordinates"":[-121.5,36.5]}"
14_00000000000000000040_0,38.200842150527855,34.0,0.4195517391581009,BS121,3.0,2021-01-01,0.03737206,2020-01-01,296.6078393061956,283.355974316597,"{""geodesic"":false,""type"":""Point"",""coordinates"":[-121.5,36.5]}"
14_00000000000000000041_0,38.200842150527855,34.0,0.4195517391581009,BS122,3.0,2021-01-01,0.03737206,2020-01-01,296.6078393061956,283.355974316597,"{""geodesic"":false,""type"":""Point"",""coordinates"":[-121.5,36.5]}"
14_00000000000000000042_0,38.200842150527855,34.0,0.4195517391581009,BS123,3.0,2021-01-01,0.03737206,2020-01-01,296.6078393061956,283.355974316597,"{""geodesic"":false,""type"":""Point"",""coordinates"":[-121.5,36.5]}"
14_00000000000000000043_0,38.200842150527855,34.0,0.4195517391581009,BS124,3.0,2021-01-01,0.03737206,2020-01-01,296.6078393061956,283.355974316597,"{""geodesic"":false,""type"":""Point"",""coordinates"":[-121.5,36.5]}"
14_00000000000000000044_0,38.200842150527855,34.0,0.4195517391581009,BS125,3.0,2021-01-01,0.03737206,2020-01-01,296.6078393061956,283.355974316597,"{""geodesic"":false,""type"":""Point"",""coordinates"":[-121.5,36.5]}"
14_00000000000000000045_0,38.200842150527855,34.0,0.4195517391581009,BS126,3.0,2021-01-01,0.03737206,2020-01-01,296.6078393061956,283.355974316597,"{""geodesic"":false,""type"":""Point"",""coordinates"":[-121.5,36.5]}"
14_00000000000000000046_0,38.200842150527855,34.0,0.4195517391581009,BS128,3.0,2021-01-01,0.03737206,2020-01-01,296.6078393061956,283.355974316597,"{""geodesic"":false,""type"":""Point"",""coordinates"":[-121.5,36.5]}"
14_00000000000000000047_0,38.200842150527855,34.0,0.4195517391581009,BS129,3.0,2021-01-01,0.03737206,2020-01-01,296.6078393061956,283.355974316597,"{""geodesic"":false,""type"":""Point"",""coordinates"":[-121.5,36.5]}"
14_00000000000000000048_0,38.200842150527855,34.0,0.4195517391581009,BS130,3.0,2021-01-01,0.03737206,2020-01-01,296.6078393061956,283.355974316597,"{""geodesic"":false,""type"":""Point"",""coordinates"":[-121.5,36.5]}"
14_00000000000000000049_0,38.200842150527855,34.0,0.4195517391581009,BS131,3.0,2021-01-01,0.03737206,2020-01-01,296.6078393061956,283.355974316597,"{""geodesic"":false,""type"":""Point"",""coordinates"":[-121.5,36.5]}"
14_0000000000000000004a_0,38.200842150527855,34.0,0.4195517391581009,BS132,3.0,2021-01-01,0.03737206,2020-01-01,296.6078393061956,283.355974316597,"{""geodesic"":false,""type"":""Point"",""coordinates"":[-121.5,36.5]}"
14_0000000000000000004b_0,38.200842150527855,34.0,0.4195517391581009,BS133,3.0,2021-01-01,0.03737206,2020-01-01,296.6078393061956,283.355974316597,"{""geodesic"":false,""type"":""Point"",""coordinates"":[-121.5,36.5]}"
14_0000000000000000004c_0,38.200842150527855,34.0,0.4195517391581009,BS134,3.0,2021-01-01,0.03737206,2020-01-01,296.6078393061956,283.355974316597,"{""geodesic"":false,""type"":""Point"",""coordinates"":[-121.5,36.5]}"
14_0000000000000000004d_0,38.200842150527855,34.0,0.4195517391581009,BS135,3.0,2021-01-01,0.03737206,2020-01-01,296.6078393061956,283.355974316597,"{""geodesic"":false,""type"":""Point"",""coordinates"":[-121.5,36.5]}"
14_0000000000000000004e_0,38.200842150527855,34.0,0.4195517391581009,BS137,3.0,2021-01-01,0.03737206,2020-01-01,296.6078393061956,283.355974316597,"{""geodesic"":false,""type"":""Point"",""coordinates"":[-121.5,36.5]}"
14_0000000000000000004f_0,38.200842150527855,34.0,0.4195517391581009,BS138,3.0,2021-01-01,0.03737206,2020-01-01,296.6078393061956,283.355974316597,"{""geodesic"":false,""type"":""Point"",""coordinates"":[-121.5,36.5]}"
14_00000000000000000050_0,38.200842150527855,34.0,0.4195517391581009,BS139,3.0,2021-01-01,0.03737206,2020-01-01,296.6078393061956,283.355974316597,"{""geodesic"":false,""type"":""Point"",""coordinates"":[-121.5,36.5]}"
14_00000000000000000051_0,38.200842150527855,34.0,0.4195517391581009,BS140,3.0,2021-01-01,0.03737206,2020-01-01,296.6078393061956,283.355974316597,"{""geodesic"":false,""type"":""Point"",""coordinates"":[-121.5,36.5]}"
14_00000000000000000052_0,38.200842150527855,34.0,0.4195517391581009,BS141,3.0,2021-01-01,0.03737206,2020-01-01,296.6078393061956,283.355974316597,"{""geodesic"":false,""type"":""Point"",""coordinates"":[-121.5,36.5]}"
14_00000000000000000053_0,38.200842150527855,34.0,0.4195517391581009,BS144,3.0,2021-01-01,0.03737206,2020-01-01,296.6078393061956,283.355974316597,"{""geodesic"":false,""type"":""Point"",""coordinates"":[-121.5,36.5]}"
14_00000000000000000054_0,38.200842150527855,34.0,0.4195517391581009,BS146,3.0,2021-01-01,0.03737206,2020-01-01,296.6078393061956,283.355974316597,"{""geodesic"":false,""type"":""Point"",""coordinates"":[-121.5,36.5]}"
14_00000000000000000055_0,38.200842150527855,34.0,0.4195517391581009,BS147,3.0,2021-01-01,0.03737206,2020-01-01,296.6078393061956,283.355974316597,"{""geodesic"":false,""type"":""Point"",""coordinates"":[-121.5,36.5]}"
14_00000000000000000056_0,38.200842150527855,34.0,0.4195517391581009,BS148,3.0,2021-01-01,0.03737206,2020-01-01,296.6078393061956,283.355974316597,"{""geodesic"":false,""type"":""Point"",""coordinates"":[-121.5,36.5]}"
14_00000000000000000057_0,38.200842150527855,34.0,0.4195517391581009,BS149,3.0,2021-01-01,0.03737206,2020-01-01,296.6078393061956,283.355974316597,"{""geodesic"":false,""type"":""Point"",""coordinates"":[-121.5,36.5]}"
14_00000000000000000058_0,38.200842150527855,34.0,0.4195517391581009,BS150,3.0,2021-01-01,0.03737206,2020-01-01,296.6078393061956,283.355974316597,"{""geodesic"":false,""type"":""Point"",""coordinates"":[-121.5,36.5]}"
14_00000000000000000059_0,38.200842150527855,34.0,0.4195517391581009,BS151,3.0,2021-01-01,0.03737206,2020-01-01,296.6078393061956,283.355974316597,"{""geodesic"":false,""type"":""Point"",""coordinates"":[-121.5,36.5]}"
14_0000000000000000005a_0,38.200842150527855,34.0,0.4195517391581009,BS152,3.0,2021-01-01,0.03737206,2020-01-01,296.6078393061956,283.355974316597,"{""geodesic"":false,""type"":""Point"",""coordinates"":[-121.5,36.5]}"
14_0000000000000000005b_0,38.200842150527855,34.0,0.4195517391581009,BS156,3.0,2021-01-01,0.03737206,2020-01-01,296.6078393061956,283.355974316597,"{""geodesic"":false,""type"":""Point"",""coordinates"":[-121.5,36.5]}"
14_0000000000000000005c_0,38.200842150527855,34.0,0.4195517391581009,BS157,3.0,2021-01-01,0.03737206,2020-01-01,296.6078393061956,283.355974316597,"{""geodesic"":false,""type"":""Point"",""coordinates"":[-121.5,36.5]}"
14_0000000000000000005d_0,38.200842150527855,34.0,0.4195517391581009,BS158,3.0,2021-01-01,0.03737206,2020-01-01,296.6078393061956,283.355974316597,"{""geodesic"":false,""type"":""Point"",""coordinates"":[-121.5,36.5]}"
14_0000000000000000005e_0,38.200842150527855,34.0,0.4195517391581009,BS159,3.0,2021-01-01,0.03737206,2020-01-01,296.6078393061956,283.355974316597,"{""geodesic"":false,""type"":""Point"",""coordinates"":[-121.5,36.5]}"
14_0000000000000000005f_0,38.200842150527855,34.0,0.4195517391581009,BS160,3.0,2021-01-01,0.03737206,2020-01-01,296.6078393061956,283.355974316597,"{""geodesic"":false,""type"":""Point"",""coordinates"":[-121.5,36.5]}"
14_00000000000000000060_0,38.200842150527855,34.0,0.4195517391581009,BS161,3.0,2021-01-01,0.03737206,2020-01-01,296.6078393061956,283.355974316597,"{""geodesic"":false,""type"":""Point"",""coordinates"":[-121.5,36.5]}"
14_00000000000000000061_0,38.200842150527855,34.0,0.4195517391581009,BS162,3.0,2021-01-01,0.03737206,2020-01-01,296.6078393061956,283.355974316597,"{""geodesic"":false,""type"":""Point"",""coordinates"":[-121.5,36.5]}"
14_00000000000000000062_0,38.200842150527855,34.0,0.4195517391581009,BS163,3.0,2021-01-01,0.03737206,2020-01-01,296.6078393061956,283.355974316597,"{""geodesic"":false,""type"":""Point"",""coordinates"":[-121.5,36.5]}"
14_00000000000000000063_0,38.200842150527855,34.0,0.4195517391581009,BS165,3.0,2021-01-01,0.03737206,2020-01-01,296.6078393061956,283.355974316597,"{""geodesic"":false,""type"":""Point"",""coordinates"":[-121.5,36.5]}"
14_00000000000000000064_0,38.200842150527855,34.0,0.4195517391581009,BS166,3.0,2021-01-01,0.03737206,2020-01-01,296.6078393061956,283.355974316597,"{""geodesic"":false,""type"":""Point"",""coordinates"":[-121.5,36.5]}"
14_00000000000000000065_0,38.200842150527855,34.0,0.4195517391581009,BS167,3.0,2021-01-01,0.03737206,2020-01-01,296.6078393061956,283.355974316597,"{""geodesic"":false,""type"":""Point"",""coordinates"":[-121.5,36.5]}"
14_00000000000000000066_0,38.200842150527855,34.0,0.4195517391581009,BS168,3.0,2021-01-01,0.03737206,2020-01-01,296.6078393061956,283.355974316597,"{""geodesic"":false,""type"":""Point"",""coordinates"":[-121.5,36.5]}"
14_00000000000000000067_0,38.200842150527855,34.0,0.4195517391581009,BS172,3.0,2021-01-01,0.03737206,2020-01-01,296.6078393061956,283.355974316597,"{""geodesic"":false,""type"":""Point"",""coordinates"":[-121.5,36.5]}"
14_00000000000000000068_0,38.200842150527855,34.0,0.4195517391581009,BS175,3.0,2021-01-01,0.03737206,2020-01-01,296.6078393061956,283.355974316597,"{""geodesic"":false,""type"":""Point"",""coordinates"":[-121.5,36.5]}"
14_00000000000000000069_0,38.200842150527855,34.0,0.4195517391581009,BS176,3.0,2021-01-01,0.03737206,2020-01-01,296.6078393061956,283.355974316597,"{""geodesic"":false,""type"":""Point"",""coordinates"":[-121.5,36.5]}"
14_0000000000000000006a_0,38.200842150527855,34.0,0.4195517391581009,BS177,3.0,2021-01-01,0.03737206,2020-01-01,296.6078393061956,283.355974316597,"{""geodesic"":false,""type"":""Point"",""coordinates"":[-121.5,36.5]}"
14_0000000000000000006b_0,38.200842150527855,34.0,0.4195517391581009,BS186,3.0,2021-01-01,0.03737206,2020-01-01,296.6078393061956,283.355974316597,"{""geodesic"":false,""type"":""Point"",""coordinates"":[-121.5,36.5]}"
14_0000000000000000006c_0,38.200842150527855,34.0,0.4195517391581009,BS187,3.0,2021-01-01,0.03737206,2020-01-01,296.6078393061956,283.355974316597,"{""geodesic"":false,""type"":""Point"",""coordinates"":[-121.5,36.5]}"
14_0000000000000000006d_0,38.200842150527855,34.0,0.4195517391581009,BS188,3.0,2021-01-01,0.03737206,2020-01-01,296.6078393061956,283.355974316597,"{""geodesic"":false,""type"":""Point"",""coordinates"":[-121.5,36.5]}"
14_0000000000000000006e_0,38.200842150527855,34.0,0.4195517391581009,BS190,3.0,2021-01-01,0.03737206,2020-01-01,296.6078393061956,283.355974316597,"{""geodesic"":false,""type"":""Point"",""coordinates"":[-121.5,36.5]}"
14_0000000000000000006f_0,38.200842150527855,34.0,0.4195517391581009,BS193,3.0,2021-01-01,0.03737206,2020-01-01,296.6078393061956,283.355974316597,"{""geodesic"":false,""type"":""Point"",""coordinates"":[-121.5,36.5]}"
14_00000000000000000070_0,38.200842150527855,34.0,0.4195517391581009,BS194,3.0,2021-01-01,0.03737206,2020-01-01,296.6078393061956,283.355974316597,"{""geodesic"":false,""type"":""Point"",""coordinates"":[-121.5,36.5]}"
14_00000000000000000071_0,38.200842150527855,34.0,0.4195517391581009,BS195,3.0,2021-01-01,0.03737206,2020-01-01,296.6078393061956,283.355974316597,"{""geodesic"":false,""type"":""Point"",""coordinates"":[-121.5,36.5]}"
14_00000000000000000072_0,38.200842150527855,34.0,0.4195517391581009,BS196,3.0,2021-01-01,0.03737206,2020-01-01,296.6078393061956,283.355974316597,"{""geodesic"":false,""type"":""Point"",""coordinates"":[-121.5,36.5]}"
14_00000000000000000073_0,38.200842150527855,34.0,0.4195517391581009,BS201,3.0,2021-01-01,0.03737206,2020-01-01,296.6078393061956,283.355974316597,"{""geodesic"":false,""type"":""Point"",""coordinates"":[-121.5,36.5]}"
14_00000000000000000074_0,38.200842150527855,34.0,0.4195517391581009,BS202,3.0,2021-01-01,0.03737206,2020-01-01,296.6078393061956,283.355974316597,"{""geodesic"":false,""type"":""Point"",""coordinates"":[-121.5,36.5]}"
14_00000000000000000075_0,38.200842150527855,34.0,0.4195517391581009,BS203,3.0,2021-01-01,0.03737206,2020-01-01,296.6078393061956,283.355974316597,"{""geodesic"":false,""type"":""Point"",""coordinates"":[-121.5,36.5]}"
14_00000000000000000076_0,38.200842150527855,34.0,0.4195517391581009,BS204,3.0,2021-01-01,0.03737206,2020-01-01,296.6078393061956,283.355974316597,"{""geodesic"":false,""type"":""Point"",""coordinates"":[-121.5,36.5]}"
14_00000000000000000077_0,38.200842150527855,34.0,0.4195517391581009,BS205,3.0,2021-01-01,0.03737206,2020-01-01,296.6078393061956,283.355974316597,"{""geodesic"":false,""type"":""Point"",""coordinates"":[-121.5,36.5]}"
14_00000000000000000078_0,38.200842150527855,34.0,0.4195517391581009,BS207,3.0,2021-01-01,0.03737206,2020-01-01,296.6078393061956,283.355974316597,"{""geodesic"":false,""type"":""Point"",""coordinates"":[-121.5,36.5]}"
14_00000000000000000079_0,38.200842150527855,34.0,0.4195517391581009,BS210,3.0,2021-01-01,0.03737206,2020-01-01,296.6078393061956,283.355974316597,"{""geodesic"":false,""type"":""Point"",""coordinates"":[-121.5,36.5]}"
14_0000000000000000007a_0,38.200842150527855,34.0,0.4195517391581009,BS217,3.0,2021-01-01,0.03737206,2020-01-01,296.6078393061956,283.355974316597,"{""geodesic"":false,""type"":""Point"",""coordinates"":[-121.5,36.5]}"
14_0000000000000000007b_0,38.200842150527855,34.0,0.4195517391581009,BS218,3.0,2021-01-01,0.03737206,2020-01-01,296.6078393061956,283.355974316597,"{""geodesic"":false,""type"":""Point"",""coordinates"":[-121.5,36.5]}"
14_0000000000000000007c_0,38.200842150527855,34.0,0.4195517391581009,BS219,3.0,2021-01-01,0.03737206,2020-01-01,296.6078393061956,283.355974316597,"{""geodesic"":false,""type"":""Point"",""coordinates"":[-121.5,36.5]}"
14_0000000000000000007d_0,38.200842150527855,34.0,0.4195517391581009,BS220,3.0,2021-01-01,0.03737206,2020-01-01,296.6078393061956,283.355974316597,"{""geodesic"":false,""type"":""Point"",""coordinates"":[-121.5,36.5]}"
14_0000000000000000007e_0,38.200842150527855,34.0,0.4195517391581009,BS221,3.0,2021-01-01,0.03737206,2020-01-01,296.6078393061956,283.355974316597,"{""geodesic"":false,""type"":""Point"",""coordinates"":[-121.5,36.5]}"
14_0000000000000000007f_0,38.200842150527855,34.0,0.4195517391581009,BS222,3.0,2021-01-01,0.03737206,2020-01-01,296.6078393061956,283.355974316597,"{""geodesic"":false,""type"":""Point"",""coordinates"":[-121.5,36.5]}"
14_00000000000000000080_0,38.200842150527855,34.0,0.4195517391581009,BS223,3.0,2021-01-01,0.03737206,2020-01-01,296.6078393061956,283.355974316597,"{""geodesic"":false,""type"":""Point"",""coordinates"":[-121.5,36.5]}"
14_00000000000000000081_0,38.200842150527855,34.0,0.4195517391581009,BS224,3.0,2021-01-01,0.03737206,2020-01-01,296.6078393061956,283.355974316597,"{""geodesic"":false,""type"":""Point"",""coordinates"":[-121.5,36.5]}"
14_00000000000000000082_0,38.200842150527855,34.0,0.4195517391581009,BS226,3.0,2021-01-01,0.03737206,2020-01-01,296.6078393061956,283.355974316597,"{""geodesic"":false,""type"":""Point"",""coordinates"":[-121.5,36.5]}"
14_00000000000000000083_0,38.200842150527855,34.0,0.4195517391581009,BS228,3.0,2021-01-01,0.03737206,2020-01-01,296.6078393061956,283.355974316597,"{""geodesic"":false,""type"":""Point"",""coordinates"":[-121.5,36.5]}"
14_00000000000000000084_0,38.200842150527855,34.0,0.4195517391581009,BS229,3.0,2021-01-01,0.03737206,2020-01-01,296.6078393061956,283.355974316597,"{""geodesic"":false,""type"":""Point"",""coordinates"":[-121.5,36.5]}"
14_00000000000000000085_0,38.200842150527855,34.0,0.4195517391581009,BS230,3.0,2021-01-01,0.03737206,2020-01-01,296.6078393061956,283.355974316597,"{""geodesic"":false,""type"":""Point"",""coordinates"":[-121.5,36.5]}"
14_00000000000000000086_0,38.200842150527855,34.0,0.4195517391581009,BS232,3.0,2021-01-01,0.03737206,2020-01-01,296.6078393061956,283.355974316597,"{""geodesic"":false,""type"":""Point"",""coordinates"":[-121.5,36.5]}"
14_00000000000000000087_0,38.200842150527855,34.0,0.4195517391581009,BS233,3.0,2021-01-01,0.03737206,2020-01-01,296.6078393061956,283.355974316597,"{""geodesic"":false,""type"":""Point"",""coordinates"":[-121.5,36.5]}"
14_00000000000000000088_0,38.200842150527855,34.0,0.4195517391581009,BS234,3.0,2021-01-01,0.03737206,2020-01-01,296.6078393061956,283.355974316597,"{""geodesic"":false,""type"":""Point"",""coordinates"":[-121.5,36.5]}"
14_00000000000000000089_0,38.200842150527855,34.0,0.4195517391581009,BS236,3.0,2021-01-01,0.03737206,2020-01-01,296.6078393061956,283.355974316597,"{""geodesic"":false,""type"":""Point"",""coordinates"":[-121.5,36.5]}"
14_0000000000000000008a_0,38.200842150527855,34.0,0.4195517391581009,BS239,3.0,2021-01-01,0.03737206,2020-01-01,296.6078393061956,283.355974316597,"{""geodesic"":false,""type"":""Point"",""coordinates"":[-121.5,36.5]}"
14_0000000000000000008b_0,38.200842150527855,34.0,0.4195517391581009,BS240,3.0,2021-01-01,0.03737206,2020-01-01,296.6078393061956,283.355974316597,"{""geodesic"":false,""type"":""Point"",""coordinates"":[-121.5,36.5]}"
14_0000000000000000008c_0,38.200842150527855,34.0,0.4195517391581009,BS241,3.0,2021-01-01,0.03737206,2020-01-01,296.6078393061956,283.355974316597,"{""geodesic"":false,""type"":""Point"",""coordinates"":[-121.5,36.5]}"
14_0000000000000000008d_0,38.200842150527855,34.0,0.4195517391581009,BS242,3.0,2021-01-01,0.03737206,2020-01-01,296.6078393061956,283.355974316597,"{""geodesic"":false,""type"":""Point"",""coordinates"":[-121.5,36.5]}"
14_0000000000000000008e_0,38.200842150527855,34.0,0.4195517391581009,BS243,3.0,2021-01-01,0.03737206,2020-01-01,296.6078393061956,283.355974316597,"{""geodesic"":false,""type"":""Point"",""coordinates"":[-121.5,36.5]}"
14_0000000000000000008f_0,38.200842150527855,34.0,0.4195517391581009,BS244,3.0,2021-01-01,0.03737206,2020-01-01,296.6078393061956,283.355974316597,"{""geodesic"":false,""type"":""Point"",""coordinates"":[-121.5,36.5]}"
14_00000000000000000090_0,38.200842150527855,34.0,0.4195517391581009,BS245,3.0,2021-01-01,0.03737206,2020-01-01,296.6078393061956,283.355974316597,"{""geodesic"":false,""type"":""Point"",""coordinates"":[-121.5,36.5]}"
14_00000000000000000091_0,38.200842150527855,34.0,0.4195517391581009,BS246,3.0,2021-01-01,0.03737206,2020-01-01,296.6078393061956,283.355974316597,"{""geodesic"":false,""type"":""Point"",""coordinates"":[-121.5,36.5]}"
14_00000000000000000092_0,38.200842150527855,34.0,0.4195517391581009,BS247,3.0,2021-01-01,0.03737206,2020-01-01,296.6078393061956,283.355974316597,"{""geodesic"":false,""type"":""Point"",""coordinates"":[-121.5,36.5]}"
14_00000000000000000093_0,38.200842150527855,34.0,0.4195517391581009,BS248,3.0,2021-01-01,0.03737206,2020-01-01,296.6078393061956,283.355974316597,"{""geodesic"":false,""type"":""Point"",""coordinates"":[-121.5,36.5]}"
14_00000000000000000094_0,38.200842150527855,34.0,0.4195517391581009,BS249,3.0,2021-01-01,0.03737206,2020-01-01,296.6078393061956,283.355974316597,"{""geodesic"":false,""type"":""Point"",""coordinates"":[-121.5,36.5]}"
14_00000000000000000095_0,38.200842150527855,34.0,0.4195517391581009,BS251,3.0,2021-01-01,0.03737206,2020-01-01,296.6078393061956,283.355974316597,"{""geodesic"":false,""type"":""Point"",""coordinates"":[-121.5,36.5]}"
14_00000000000000000096_0,38.200842150527855,34.0,0.4195517391581009,BS253,3.0,2021-01-01,0.03737206,2020-01-01,296.6078393061956,283.355974316597,"{""geodesic"":false,""type"":""Point"",""coordinates"":[-121.5,36.5]}"
14_00000000000000000097_0,38.200842150527855,34.0,0.4195517391581009,BS254,3.0,2021-01-01,0.03737206,2020-01-01,296.6078393061956,283.355974316597,"{""geodesic"":false,""type"":""Point"",""coordinates"":[-121.5,36.5]}"
14_00000000000000000098_0,38.200842150527855,34.0,0.4195517391581009,BS257,3.0,2021-01-01,0.03737206,2020-01-01,296.6078393061956,283.355974316597,"{""geodesic"":false,""type"":""Point"",""coordinates"":[-121.5,36.5]}"
14_00000000000000000099_0,38.200842150527855,34.0,0.4195517391581009,BS259,3.0,2021-01-01,0.03737206,2020-01-01,296.6078393061956,283.355974316597,"{""geodesic"":false,""type"":""Point"",""coordinates"":[-121.5,36.5]}"
14_0000000000000000009a_0,38.200842150527855,34.0,0.4195517391581009,BS260,3.0,2021-01-01,0.03737206,2020-01-01,296.6078393061956,283.355974316597,"{""geodesic"":false,""type"":""Point"",""coordinates"":[-121.5,36.5]}"
14_0000000000000000009b_0,38.200842150527855,34.0,0.4195517391581009,BS262,3.0,2021-01-01,0.03737206,2020-01-01,296.6078393061956,283.355974316597,"{""geodesic"":false,""type"":""Point"",""coordinates"":[-121.5,36.5]}"
14_0000000000000000009c_0,38.200842150527855,34.0,0.4195517391581009,BS265,3.0,2021-01-01,0.03737206,2020-01-01,296.6078393061956,283.355974316597,"{""geodesic"":false,""type"":""Point"",""coordinates"":[-121.5,36.5]}"
14_0000000000000000009d_0,38.200842150527855,34.0,0.4195517391581009,BS267,3.0,2021-01-01,0.03737206,2020-01-01,296.6078393061956,283.355974316597,"{""geodesic"":false,""type"":""Point"",""coordinates"":[-121.5,36.5]}"
14_0000000000000000009e_0,38.200842150527855,34.0,0.4195517391581009,BS271,3.0,2021-01-01,0.03737206,2020-01-01,296.6078393061956,283.355974316597,"{""geodesic"":false,""type"":""Point"",""coordinates"":[-121.5,36.5]}"
14_0000000000000000009f_0,38.200842150527855,34.0,0.4195517391581009,BS272,3.0,2021-01-01,0.03737206,2020-01-01,296.6078393061956,283.355974316597,"{""geodesic"":false,""type"":""Point"",""coordinates"":[-121.5,36.5]}"
14_000000000000000000a0_0,38.200842150527855,34.0,0.4195517391581009,BS273,3.0,2021-01-01,0.03737206,2020-01-01,296.6078393061956,283.355974316597,"{""geodesic"":false,""type"":""Point"",""coordinates"":[-121.5,36.5]}"
14_000000000000000000a1_0,38.200842150527855,34.0,0.4195517391581009,BS274,3.0,2021-01-01,0.03737206,2020-01-01,296.6078393061956,283.355974316597,"{""geodesic"":false,""type"":""Point"",""coordinates"":[-121.5,36.5]}"
14_000000000000000000a2_0,38.200842150527855,34.0,0.4195517391581009,BS276,3.0,2021-01-01,0.03737206,2020-01-01,296.6078393061956,283.355974316597,"{""geodesic"":false,""type"":""Point"",""coordinates"":[-121.5,36.5]}"
14_000000000000000000a3_0,38.200842150527855,34.0,0.4195517391581009,BS277,3.0,2021-01-01,0.03737206,2020-01-01,296.6078393061956,283.355974316597,"{""geodesic"":false,""type"":""Point"",""coordinates"":[-121.5,36.5]}"
14_000000000000000000a4_0,38.200842150527855,34.0,0.4195517391581009,BS278,3.0,2021-01-01,0.03737206,2020-01-01,296.6078393061956,283.355974316597,"{""geodesic"":false,""type"":""Point"",""coordinates"":[-121.5,36.5]}"
14_000000000000000000a5_0,38.200842150527855,34.0,0.4195517391581009,BS279,3.0,2021-01-01,0.03737206,2020-01-01,296.6078393061956,283.355974316597,"{""geodesic"":false,""type"":""Point"",""coordinates"":[-121.5,36.5]}"
14_000000000000000000a6_0,38.200842150527855,34.0,0.4195517391581009,BS281,3.0,2021-01-01,0.03737206,2020-01-01,296.6078393061956,283.355974316597,"{""geodesic"":false,""type"":""Point"",""coordinates"":[-121.5,36.5]}"
14_000000000000000000a7_0,38.200842150527855,34.0,0.4195517391581009,BS282,3.0,2021-01-01,0.03737206,2020-01-01,296.6078393061956,283.355974316597,"{""geodesic"":false,""type"":""Point"",""coordinates"":[-121.5,36.5]}"
14_000000000000000000a8_0,38.200842150527855,34.0,0.4195517391581009,BS283,3.0,2021-01-01,0.03737206,2020-01-01,296.6078393061956,283.355974316597,"{""geodesic"":false,""type"":""Point"",""coordinates"":[-121.5,36.5]}"
14_000000000000000000a9_0,38.200842150527855,34.0,0.4195517391581009,BS287,3.0,2021-01-01,0.03737206,2020-01-01,296.6078393061956,283.355974316597,"{""geodesic"":false,""type"":""Point"",""coordinates"":[-121.5,36.5]}"
14_000000000000000000aa_0,38.200842150527855,34.0,0.4195517391581009,BS292,3.0,2021-01-01,0.03737206,2020-01-01,296.6078393061956,283.355974316597,"{""geodesic"":false,""type"":""Point"",""coordinates"":[-121.5,36.5]}"
14_000000000000000000ab_0,38.200842150527855,34.0,0.4195517391581009,BS293,3.0,2021-01-01,0.03737206,2020-01-01,296.6078393061956,283.355974316597,"{""geodesic"":false,""type"":""Point"",""coordinates"":[-121.5,36.5]}"
14_000000000000000000ac_0,38.200842150527855,34.0,0.4195517391581009,BS294,3.0,2021-01-01,0.03737206,2020-01-01,296.6078393061956,283.355974316597,"{""geodesic"":false,""type"":""Point"",""coordinates"":[-121.5,36.5]}"
14_000000000000000000ae_0,38.200842150527855,34.0,0.4195517391581009,BS296,3.0,2021-01-01,0.03737206,2020-01-01,296.6078393061956,283.355974316597,"{""geodesic"":false,""type"":""Point"",""coordinates"":[-121.5,36.5]}"
14_000000000000000000af_0,38.200842150527855,34.0,0.4195517391581009,BS297,3.0,2021-01-01,0.03737206,2020-01-01,296.6078393061956,283.355974316597,"{""geodesic"":false,""type"":""Point"",""coordinates"":[-121.5,36.5]}"
14_000000000000000000c9_0,38.200842150527855,34.0,0.4195517391581009,BS355,3.0,2021-01-01,0.03737206,2020-01-01,296.6078393061956,283.355974316597,"{""geodesic"":false,""type"":""Point"",""coordinates"":[-121.5,36.5]}"
14_000000000000000000ca_0,38.200842150527855,34.0,0.4195517391581009,BS358,3.0,2021-01-01,0.03737206,2020-01-01,296.6078393061956,283.355974316597,"{""geodesic"":false,""type"":""Point"",""coordinates"":[-121.5,36.5]}"
14_000000000000000000cb_0,38.200842150527855,34.0,0.4195517391581009,BS359,3.0,2021-01-01,0.03737206,2020-01-01,296.6078393061956,283.355974316597,"{""geodesic"":false,""type"":""Point"",""coordinates"":[-121.5,36.5]}"
14_000000000000000000cc_0,38.200842150527855,34.0,0.4195517391581009,BS360,3.0,2021-01-01,0.03737206,2020-01-01,296.6078393061956,283.355974316597,"{""geodesic"":false,""type"":""Point"",""coordinates"":[-121.5,36.5]}"
14_000000000000000000cd_0,38.200842150527855,34.0,0.4195517391581009,BS365,3.0,2021-01-01,0.03737206,2020-01-01,296.6078393061956,283.355974316597,"{""geodesic"":false,""type"":""Point"",""coordinates"":[-121.5,36.5]}"
14_000000000000000000ce_0,38.200842150527855,34.0,0.4195517391581009,BS372,3.0,2021-01-01,0.03737206,2020-01-01,296.6078393061956,283.355974316597,"{""geodesic"":false,""type"":""Point"",""coordinates"":[-121.5,36.5]}"
14_000000000000000000cf_0,38.200842150527855,34.0,0.4195517391581009,BS373,3.0,2021-01-01,0.03737206,2020-01-01,296.6078393061956,283.355974316597,"{""geodesic"":false,""type"":""Point"",""coordinates"":[-121.5,36.5]}"
14_000000000000000000d0_0,38.200842150527855,34.0,0.4195517391581009,BS376,3.0,2021-01-01,0.03737206,2020-01-01,296.6078393061956,283.355974316597,"{""geodesic"":false,""type"":""Point"",""coordinates"":[-121.5,36.5]}"
14_000000000000000000d1_0,38.200842150527855,34.0,0.4195517391581009,BS378,3.0,2021-01-01,0.03737206,2020-01-01,296.6078393061956,283.355974316597,"{""geodesic"":false,""type"":""Point"",""coordinates"":[-121.5,36.5]}"
14_000000000000000000d2_0,38.200842150527855,34.0,0.4195517391581009,BS379,3.0,2021-01-01,0.03737206,2020-01-01,296.6078393061956,283.355974316597,"{""geodesic"":false,""type"":""Point"",""coordinates"":[-121.5,36.5]}"
14_000000000000000000d3_0,38.200842150527855,34.0,0.4195517391581009,BS382,3.0,2021-01-01,0.03737206,2020-01-01,296.6078393061956,283.355974316597,"{""geodesic"":false,""type"":""Point"",""coordinates"":[-121.5,36.5]}"
14_000000000000000000d4_0,38.200842150527855,34.0,0.4195517391581009,BS383,3.0,2021-01-01,0.03737206,2020-01-01,296.6078393061956,283.355974316597,"{""geodesic"":false,""type"":""Point"",""coordinates"":[-121.5,36.5]}"
14_000000000000000000d5_0,38.200842150527855,34.0,0.4195517391581009,BS384,3.0,2021-01-01,0.03737206,2020-01-01,296.6078393061956,283.355974316597,"{""geodesic"":false,""type"":""Point"",""coordinates"":[-121.5,36.5]}"
14_000000000000000000d6_0,38.200842150527855,34.0,0.4195517391581009,BS388,3.0,2021-01-01,0.03737206,2020-01-01,296.6078393061956,283.355974316597,"{""geodesic"":false,""type"":""Point"",""coordinates"":[-121.5,36.5]}"
14_000000000000000000d7_0,38.200842150527855,34.0,0.4195517391581009,BS389,3.0,2021-01-01,0.03737206,2020-01-01,296.6078393061956,283.355974316597,"{""geodesic"":false,""type"":""Point"",""coordinates"":[-121.5,36.5]}"
14_000000000000000000d8_0,38.200842150527855,34.0,0.4195517391581009,BS390,3.0,2021-01-01,0.03737206,2020-01-01,296.6078393061956,283.355974316597,"{""geodesic"":false,""type"":""Point"",""coordinates"":[-121.5,36.5]}"
14_000000000000000000d9_0,38.200842150527855,34.0,0.4195517391581009,BS391,3.0,2021-01-01,0.03737206,2020-01-01,296.6078393061956,283.355974316597,"{""geodesic"":false,""type"":""Point"",""coordinates"":[-121.5,36.5]}"
14_000000000000000000da_0,38.200842150527855,34.0,0.4195517391581009,BS392,3.0,2021-01-01,0.03737206,2020-01-01,296.6078393061956,283.355974316597,"{""geodesic"":false,""type"":""Point"",""coordinates"":[-121.5,36.5]}"
14_000000000000000000db_0,38.200842150527855,34.0,0.4195517391581009,BS393,3.0,2021-01-01,0.03737206,2020-01-01,296.6078393061956,283.355974316597,"{""geodesic"":false,""type"":""Point"",""coordinates"":[-121.5,36.5]}"
14_000000000000000000dc_0,38.200842150527855,34.0,0.4195517391581009,BS394,3.0,2021-01-01,0.03737206,2020-01-01,296.6078393061956,283.355974316597,"{""geodesic"":false,""type"":""Point"",""coordinates"":[-121.5,36.5]}"
14_000000000000000000de_0,38.200842150527855,34.0,0.4195517391581009,BS405,3.0,2021-01-01,0.03737206,2020-01-01,296.6078393061956,283.355974316597,"{""geodesic"":false,""type"":""Point"",""coordinates"":[-121.5,36.5]}"
14_000000000000000000df_0,38.200842150527855,34.0,0.4195517391581009,BS407,3.0,2021-01-01,0.03737206,2020-01-01,296.6078393061956,283.355974316597,"{""geodesic"":false,""type"":""Point"",""coordinates"":[-121.5,36.5]}"
14_000000000000000000e0_0,38.200842150527855,34.0,0.4195517391581009,BS408,3.0,2021-01-01,0.03737206,2020-01-01,296.6078393061956,283.355974316597,"{""geodesic"":false,""type"":""Point"",""coordinates"":[-121.5,36.5]}"
14_000000000000000000e3_0,38.200842150527855,34.0,0.4195517391581009,BS415,3.0,2021-01-01,0.03737206,2020-01-01,296.6078393061956,283.355974316597,"{""geodesic"":false,""type"":""Point"",""coordinates"":[-121.5,36.5]}"
14_000000000000000000e4_0,38.200842150527855,34.0,0.4195517391581009,BS416,3.0,2021-01-01,0.03737206,2020-01-01,296.6078393061956,283.355974316597,"{""geodesic"":false,""type"":""Point"",""coordinates"":[-121.5,36.5]}"
14_000000000000000000e5_0,38.200842150527855,34.0,0.4195517391581009,BS420,3.0,2021-01-01,0.03737206,2020-01-01,296.6078393061956,283.355974316597,"{""geodesic"":false,""type"":""Point"",""coordinates"":[-121.5,36.5]}"
14_000000000000000000e6_0,38.200842150527855,34.0,0.4195517391581009,BS423,3.0,2021-01-01,0.03737206,2020-01-01,296.6078393061956,283.355974316597,"{""geodesic"":false,""type"":""Point"",""coordinates"":[-121.5,36.5]}"
14_000000000000000000e7_0,38.200842150527855,34.0,0.4195517391581009,BS425,3.0,2021-01-01,0.03737206,2020-01-01,296.6078393061956,283.355974316597,"{""geodesic"":false,""type"":""Point"",""coordinates"":[-121.5,36.5]}"
14_000000000000000000e8_0,38.200842150527855,34.0,0.4195517391581009,BS426,3.0,2021-01-01,0.03737206,2020-01-01,296.6078393061956,283.355974316597,"{""geodesic"":false,""type"":""Point"",""coordinates"":[-121.5,36.5]}"
14_000000000000000000e9_0,38.200842150527855,34.0,0.4195517391581009,BS427,3.0,2021-01-01,0.03737206,2020-01-01,296.6078393061956,283.355974316597,"{""geodesic"":false,""type"":""Point"",""coordinates"":[-121.5,36.5]}"
14_000000000000000000ea_0,38.200842150527855,34.0,0.4195517391581009,BS429,3.0,2021-01-01,0.03737206,2020-01-01,296.6078393061956,283.355974316597,"{""geodesic"":false,""type"":""Point"",""coordinates"":[-121.5,36.5]}"
14_000000000000000000eb_0,38.200842150527855,34.0,0.4195517391581009,BS430,3.0,2021-01-01,0.03737206,2020-01-01,296.6078393061956,283.355974316597,"{""geodesic"":false,""type"":""Point"",""coordinates"":[-121.5,36.5]}"
14_000000000000000000ec_0,38.200842150527855,34.0,0.4195517391581009,BS431,3.0,2021-01-01,0.03737206,2020-01-01,296.6078393061956,283.355974316597,"{""geodesic"":false,""type"":""Point"",""coordinates"":[-121.5,36.5]}"
14_000000000000000000ed_0,38.200842150527855,34.0,0.4195517391581009,BS433,3.0,2021-01-01,0.03737206,2020-01-01,296.6078393061956,283.355974316597,"{""geodesic"":false,""type"":""Point"",""coordinates"":[-121.5,36.5]}"
14_000000000000000000ee_0,38.200842150527855,34.0,0.4195517391581009,BS434,3.0,2021-01-01,0.03737206,2020-01-01,296.6078393061956,283.355974316597,"{""geodesic"":false,""type"":""Point"",""coordinates"":[-121.5,36.5]}"
14_000000000000000000ef_0,38.200842150527855,34.0,0.4195517391581009,BS436,3.0,2021-01-01,0.03737206,2020-01-01,296.6078393061956,283.355974316597,"{""geodesic"":false,""type"":""Point"",""coordinates"":[-121.5,36.5]}"
14_000000000000000000f0_0,38.200842150527855,34.0,0.4195517391581009,BS438,3.0,2021-01-01,0.03737206,2020-01-01,296.6078393061956,283.355974316597,"{""geodesic"":false,""type"":""Point"",""coordinates"":[-121.5,36.5]}"
14_000000000000000000f1_0,38.200842150527855,34.0,0.4195517391581009,BS457,3.0,2021-01-01,0.03737206,2020-01-01,296.6078393061956,283.355974316597,"{""geodesic"":false,""type"":""Point"",""coordinates"":[-121.5,36.5]}"
14_000000000000000000f2_0,38.200842150527855,34.0,0.4195517391581009,BS458,3.0,2021-01-01,0.03737206,2020-01-01,296.6078393061956,283.355974316597,"{""geodesic"":false,""type"":""Point"",""coordinates"":[-121.5,36.5]}"
14_000000000000000000f3_0,38.200842150527855,34.0,0.4195517391581009,BS461,3.0,2021-01-01,0.03737206,2020-01-01,296.6078393061956,283.355974316597,"{""geodesic"":false,""type"":""Point"",""coordinates"":[-121.5,36.5]}"
14_000000000000000000f4_0,38.200842150527855,34.0,0.4195517391581009,BS468,3.0,2021-01-01,0.03737206,2020-01-01,296.6078393061956,283.355974316597,"{""geodesic"":false,""type"":""Point"",""coordinates"":[-121.5,36.5]}"
14_000000000000000000f5_0,38.200842150527855,34.0,0.4195517391581009,BS469,3.0,2021-01-01,0.03737206,2020-01-01,296.6078393061956,283.355974316597,"{""geodesic"":false,""type"":""Point"",""coordinates"":[-121.5,36.5]}"
14_000000000000000000f6_0,38.200842150527855,34.0,0.4195517391581009,BS470,3.0,2021-01-01,0.03737206,2020-01-01,296.6078393061956,283.355974316597,"{""geodesic"":false,""type"":""Point"",""coordinates"":[-121.5,36.5]}"
14_000000000000000000fd_0,38.200842150527855,34.0,0.4195517391581009,BS513,3.0,2021-01-01,0.03737206,2020-01-01,296.6078393061956,283.355974316597,"{""geodesic"":false,""type"":""Point"",""coordinates"":[-121.5,36.5]}"
14_000000000000000000fe_0,38.200842150527855,34.0,0.4195517391581009,BS518,3.0,2021-01-01,0.03737206,2020-01-01,296.6078393061956,283.355974316597,"{""geodesic"":false,""type"":""Point"",""coordinates"":[-121.5,36.5]}"
14_000000000000000000ff_0,38.200842150527855,34.0,0.4195517391581009,BS519,3.0,2021-01-01,0.03737206,2020-01-01,296.6078393061956,283.355974316597,"{""geodesic"":false,""type"":""Point"",""coordinates"":[-121.5,36.5]}"
14_00000000000000000100_0,38.200842150527855,34.0,0.4195517391581009,BS520,3.0,2021-01-01,0.03737206,2020-01-01,296.6078393061956,283.355974316597,"{""geodesic"":false,""type"":""Point"",""coordinates"":[-121.5,36.5]}"
14_00000000000000000101_0,38.200842150527855,34.0,0.4195517391581009,BS521,3.0,2021-01-01,0.03737206,2020-01-01,296.6078393061956,283.355974316597,"{""geodesic"":false,""type"":""Point"",""coordinates"":[-121.5,36.5]}"
14_00000000000000000102_0,38.200842150527855,34.0,0.4195517391581009,BS600,3.0,2021-01-01,0.03737206,2020-01-01,296.6078393061956,283.355974316597,"{""geodesic"":false,""type"":""Point"",""coordinates"":[-121.5,36.5]}"
14_00000000000000000103_0,38.200842150527855,34.0,0.4195517391581009,BS601,3.0,2021-01-01,0.03737206,2020-01-01,296.6078393061956,283.355974316597,"{""geodesic"":false,""type"":""Point"",""coordinates"":[-121.5,36.5]}"
14_00000000000000000104_0,38.200842150527855,34.0,0.4195517391581009,BS603,3.0,2021-01-01,0.03737206,2020-01-01,296.6078393061956,283.355974316597,"{""geodesic"":false,""type"":""Point"",""coordinates"":[-121.5,36.5]}"
14_00000000000000000105_0,38.200842150527855,34.0,0.4195517391581009,BS604,3.0,2021-01-01,0.03737206,2020-01-01,296.6078393061956,283.355974316597,"{""geodesic"":false,""type"":""Point"",""coordinates"":[-121.5,36.5]}"
14_00000000000000000106_0,38.200842150527855,34.0,0.4195517391581009,BS605,3.0,2021-01-01,0.03737206,2020-01-01,296.6078393061956,283.355974316597,"{""geodesic"":false,""type"":""Point"",""coordinates"":[-121.5,36.5]}"
14_00000000000000000107_0,38.200842150527855,34.0,0.4195517391581009,BS607,3.0,2021-01-01,0.03737206,2020-01-01,296.6078393061956,283.355974316597,"{""geodesic"":false,""type"":""Point"",""coordinates"":[-121.5,36.5]}"
14_00000000000000000108_0,38.200842150527855,34.0,0.4195517391581009,BS610,3.0,2021-01-01,0.03737206,2020-01-01,296.6078393061956,283.355974316597,"{""geodesic"":false,""type"":""Point"",""coordinates"":[-121.5,36.5]}"
14_00000000000000000109_0,38.200842150527855,34.0,0.4195517391581009,BS611,3.0,2021-01-01,0.03737206,2020-01-01,296.6078393061956,283.355974316597,"{""geodesic"":false,""type"":""Point"",""coordinates"":[-121.5,36.5]}"
14_0000000000000000010a_0,38.200842150527855,34.0,0.4195517391581009,BS612,3.0,2021-01-01,0.03737206,2020-01-01,296.6078393061956,283.355974316597,"{""geodesic"":false,""type"":""Point"",""coordinates"":[-121.5,36.5]}"
14_0000000000000000010b_0,38.200842150527855,34.0,0.4195517391581009,BS613,3.0,2021-01-01,0.03737206,2020-01-01,296.6078393061956,283.355974316597,"{""geodesic"":false,""type"":""Point"",""coordinates"":[-121.5,36.5]}"
14_0000000000000000010c_0,38.200842150527855,34.0,0.4195517391581009,BS620,3.0,2021-01-01,0.03737206,2020-01-01,296.6078393061956,283.355974316597,"{""geodesic"":false,""type"":""Point"",""coordinates"":[-121.5,36.5]}"
14_0000000000000000010d_0,38.200842150527855,34.0,0.4195517391581009,BS621,3.0,2021-01-01,0.03737206,2020-01-01,296.6078393061956,283.355974316597,"{""geodesic"":false,""type"":""Point"",""coordinates"":[-121.5,36.5]}"
14_0000000000000000010e_0,38.200842150527855,34.0,0.4195517391581009,BS622,3.0,2021-01-01,0.03737206,2020-01-01,296.6078393061956,283.355974316597,"{""geodesic"":false,""type"":""Point"",""coordinates"":[-121.5,36.5]}"
14_0000000000000000010f_0,38.200842150527855,34.0,0.4195517391581009,BS623,3.0,2021-01-01,0.03737206,2020-01-01,296.6078393061956,283.355974316597,"{""geodesic"":false,""type"":""Point"",""coordinates"":[-121.5,36.5]}"
14_00000000000000000110_0,38.200842150527855,34.0,0.4195517391581009,BS624,3.0,2021-01-01,0.03737206,2020-01-01,296.6078393061956,283.355974316597,"{""geodesic"":false,""type"":""Point"",""coordinates"":[-121.5,36.5]}"
14_00000000000000000111_0,38.200842150527855,34.0,0.4195517391581009,BS625,3.0,2021-01-01,0.03737206,2020-01-01,296.6078393061956,283.355974316597,"{""geodesic"":false,""type"":""Point"",""coordinates"":[-121.5,36.5]}"
14_00000000000000000112_0,38.200842150527855,34.0,0.4195517391581009,BS626,3.0,2021-01-01,0.03737206,2020-01-01,296.6078393061956,283.355974316597,"{""geodesic"":false,""type"":""Point"",""coordinates"":[-121.5,36.5]}"
14_00000000000000000113_0,38.200842150527855,34.0,0.4195517391581009,BS627,3.0,2021-01-01,0.03737206,2020-01-01,296.6078393061956,283.355974316597,"{""geodesic"":false,""type"":""Point"",""coordinates"":[-121.5,36.5]}"
14_00000000000000000114_0,38.200842150527855,34.0,0.4195517391581009,BS628,3.0,2021-01-01,0.03737206,2020-01-01,296.6078393061956,283.355974316597,"{""geodesic"":false,""type"":""Point"",""coordinates"":[-121.5,36.5]}"
14_00000000000000000115_0,38.200842150527855,34.0,0.4195517391581009,BS629,3.0,2021-01-01,0.03737206,2020-01-01,296.6078393061956,283.355974316597,"{""geodesic"":false,""type"":""Point"",""coordinates"":[-121.5,36.5]}"
14_00000000000000000116_0,38.200842150527855,34.0,0.4195517391581009,BS632,3.0,2021-01-01,0.03737206,2020-01-01,296.6078393061956,283.355974316597,"{""geodesic"":false,""type"":""Point"",""coordinates"":[-121.5,36.5]}"
14_00000000000000000117_0,38.200842150527855,34.0,0.4195517391581009,BS633,3.0,2021-01-01,0.03737206,2020-01-01,296.6078393061956,283.355974316597,"{""geodesic"":false,""type"":""Point"",""coordinates"":[-121.5,36.5]}"
