"","Plot","SampleYear","Species","TotalStem","LiveBiomass","Elevation","Slope","BurnScar","PRam","Fire","HostCwdMass","PlotCwdMass"
"1","BS002",2022,"Tanoak",8,1223.96414921867,359,33,"control","1","0",20.7741178367837,20.7741178367837
"2","BS002",2022,"Redwood",13,298848.317712053,359,33,"control","1","0",20.7741178367837,20.7741178367837
"3","BS002",2022,"Bay laurel",32,14741.693119728,359,33,"control","1","0",20.7741178367837,20.7741178367837
"4","BS020",2011,"Tanoak",8,3660.56321390919,386,23,"control","0","0",5.47437437417606,5.6317213551141
"5","BS020",2011,"Bay laurel",99,24232.8265753456,386,23,"control","0","0",5.47437437417606,5.6317213551141
"6","BS020",2014,"Tanoak",8,3579.89367082094,386,23,"control","0","0",5.88505233244723,6.04239931338526
"7","BS020",2014,"Bay laurel",95,24424.4412202363,386,23,"control","0","0",5.88505233244723,6.04239931338526
"8","BS020",2019,"Tanoak",10,7321.0599088127,386,23,"control","1","0",11.5909638456515,11.7483108265896
"9","BS020",2019,"Bay laurel",84,25673.4980160021,386,23,"control","1","0",11.5909638456515,11.7483108265896
"10","BS020",2022,"Tanoak",4,74.2075419024674,386,23,"control","1","0",8.91883596482407,9.07618294576211
"11","BS020",2022,"Bay laurel",64,25239.1155949461,386,23,"control","1","0",8.91883596482407,9.07618294576211
"12","BS027",2009,"Redwood",3,132573.209216153,244,41,"control","0","0",5.48935064976784,14.4249456656243
"13","BS027",2010,"Tanoak",26,75516.1915969228,244,41,"control","0","0",5.48935064976784,14.2228146918208
"14","BS027",2010,"Redwood",13,702157.194273246,244,41,"control","0","0",5.48935064976784,14.2228146918208
"15","BS027",2013,"Tanoak",26,68232.2291470315,244,41,"control","1","0",5.48935064976784,16.4755571504476
"16","BS027",2013,"Redwood",13,716350.288811182,244,41,"control","1","0",5.48935064976784,16.4755571504476
"17","BS027",2018,"Tanoak",14,197.637754424037,244,41,"control","1","0",64.2302545461694,75.057134098081
"18","BS027",2018,"Redwood",12,721702.228380531,244,41,"control","1","0",64.2302545461694,75.057134098081
"19","BS027",2022,"Tanoak",11,222.320009324002,244,41,"control","1","0",77.0489290124971,85.3141110244281
"20","BS027",2022,"Redwood",12,776574.255069103,244,41,"control","1","0",77.0489290124971,85.3141110244281
"21","BS027",2022,"Bay laurel",1,19.9896911223752,244,41,"control","1","0",77.0489290124971,85.3141110244281
"22","BS045",2009,"Tanoak",1,21948.1688379438,478,39,"dolan_chalk","0","1",31.7424674364818,31.7424674364818
"23","BS045",2009,"Bay laurel",1,3.40052178683963,478,39,"dolan_chalk","0","1",31.7424674364818,31.7424674364818
"24","BS046",2011,"Bay laurel",43,51585.245244569,575,36,"dolan_chalk","0","1",0.3225774419,0.3225774419
"25","BS046",2014,"Bay laurel",59,57953.8546016373,575,36,"dolan_chalk","0","1",29.8023260690682,29.8023260690682
"26","BS046",2019,"Bay laurel",61,70642.8307357053,575,36,"dolan_chalk","1","1",32.5040971234432,32.9358506545896
"27","BS046",2021,"Bay laurel",8,53468.7971932647,575,36,"dolan_chalk","1","1",45.2192817526586,45.2192817526586
"28","BS048",2021,"Tanoak",18,171.016398536781,475,20,"dolan_chalk","0","1",41.9975752362194,47.5117029427385
"29","BS048",2021,"Redwood",20,141243.736175011,475,20,"dolan_chalk","0","1",41.9975752362194,47.5117029427385
"30","BS048",2021,"Bay laurel",2,30.8781687909256,475,20,"dolan_chalk","0","1",41.9975752362194,47.5117029427385
"31","BS050",2009,"Tanoak",16,560.501176691261,670,18,"dolan_chalk","0","1",2.43214892875411,91.0104338045905
"32","BS050",2009,"Redwood",26,2471.72479346302,670,18,"dolan_chalk","0","1",2.43214892875411,91.0104338045905
"33","BS052",2013,"Tanoak",25,152088.327855958,541,32,"dolan_chalk","0","1",15.8172058663442,42.8205163573943
"34","BS052",2013,"Redwood",47,233095.122426654,541,32,"dolan_chalk","0","1",15.8172058663442,42.8205163573943
"35","BS052",2013,"Bay laurel",26,683.671312159855,541,32,"dolan_chalk","0","1",15.8172058663442,42.8205163573943
"36","BS052",2018,"Tanoak",34,70728.543950816,541,32,"dolan_chalk","0","1",22.0087221043244,48.2311607305414
"37","BS052",2018,"Redwood",61,221631.235016782,541,32,"dolan_chalk","0","1",22.0087221043244,48.2311607305414
"38","BS052",2018,"Bay laurel",30,2861.88822563952,541,32,"dolan_chalk","0","1",22.0087221043244,48.2311607305414
"39","BS053",2013,"Tanoak",1,529.183659462087,317,38,"dolan_chalk","0","1",1.64890965504608,262.770583512307
"40","BS053",2013,"Redwood",58,744732.535884535,317,38,"dolan_chalk","0","1",1.64890965504608,262.770583512307
"41","BS053",2013,"Bay laurel",10,194.299604831055,317,38,"dolan_chalk","0","1",1.64890965504608,262.770583512307
"42","BS053",2018,"Redwood",64,832266.952307331,317,38,"dolan_chalk","1","1",1.64890965504608,273.454733975738
"43","BS053",2018,"Bay laurel",12,1376.78189696821,317,38,"dolan_chalk","1","1",1.64890965504608,273.454733975738
"44","BS057",2011,"Bay laurel",4,71818.8986256669,592,31,"dolan_chalk","0","1",18.2246989659321,18.4497565318747
"45","BS057",2014,"Bay laurel",9,76759.8978008657,592,31,"dolan_chalk","0","1",13.8650769229231,15.2414243531033
"46","BS057",2019,"Bay laurel",10,88925.630923859,592,31,"dolan_chalk","1","1",12.4469922879265,13.6124435007292
"47","BS058",2018,"Tanoak",110,26827.5628444788,744,25,"dolan","0","0",20.0098402879045,27.3852012942245
"48","BS058",2018,"Redwood",131,1697829.50164118,744,25,"dolan","0","0",20.0098402879045,27.3852012942245
"49","BS060",2021,"Bay laurel",7,40005.0298731728,638,30,"dolan","0","1",4.21875122035516,4.21875122035516
"50","BS062",2011,"Bay laurel",25,6193.92777007034,604,15,"dolan","1","0",4.72198940332977,8.77419291435062
"51","BS062",2014,"Bay laurel",25,7100.8637842078,604,15,"dolan","1","0",5.07622476148966,8.95953063962206
"52","BS062",2019,"Bay laurel",22,8235.78435829593,604,15,"dolan","1","0",6.36168475023928,10.2449906283717
"53","BS066",2014,"Tanoak",31,251185.712026249,720,27,"dolan_chalk","0","1",15.9278606405842,15.9278606405842
"54","BS066",2019,"Tanoak",78,209202.325626334,720,27,"dolan_chalk","1","1",31.8643417757975,31.8643417757975
"55","BS073",2011,"Bay laurel",18,4688.42374950663,601,10,"dolan","1","0",5.2891722696679,21.8143084968919
"56","BS073",2014,"Bay laurel",16,5076.90667448918,601,10,"dolan","1","0",5.16391656892692,22.9137775696086
"57","BS073",2019,"Bay laurel",17,6642.95420690921,601,10,"dolan","1","0",3.13196261983793,19.8806926844972
"58","BS073",2021,"Bay laurel",14,39.8615719836501,601,10,"dolan","1","1",0.657235228621226,0.657235228621226
"59","BS078",2023,"Tanoak",135,8737.9922818137,605,27,"sober","1","1",14.2944294469703,21.760154549212
"60","BS078",2023,"Bay laurel",13,1292.82778603163,605,27,"sober","1","1",14.2944294469703,21.760154549212
"61","BS081",2018,"Tanoak",1,2.74171715347838,308,23,"sober","1","1",30.0555961218739,30.3543963522236
"62","BS081",2018,"Redwood",69,237244.202406118,308,23,"sober","1","1",30.0555961218739,30.3543963522236
"63","BS081",2023,"Tanoak",5,82.1526193275441,308,23,"sober","1","1",32.0355575203222,43.8515249422475
"64","BS081",2023,"Redwood",68,233885.468688372,308,23,"sober","1","1",32.0355575203222,43.8515249422475
"65","BS081",2023,"Bay laurel",1,11.6663002408312,308,23,"sober","1","1",32.0355575203222,43.8515249422475
"66","BS084",2010,"Tanoak",14,39276.2203330144,432,36,"sober","1","0",9.13282474107188,9.13282474107188
"67","BS084",2010,"Redwood",17,213727.124713371,432,36,"sober","1","0",9.13282474107188,9.13282474107188
"68","BS084",2013,"Tanoak",19,19135.4758628059,432,36,"sober","1","0",17.4404522743583,17.4404522743583
"69","BS084",2013,"Redwood",18,236340.061513588,432,36,"sober","1","0",17.4404522743583,17.4404522743583
"70","BS084",2018,"Tanoak",1,2.172616656381,432,36,"sober","1","1",10.1698905203025,10.1698905203025
"71","BS084",2018,"Redwood",47,164733.288385964,432,36,"sober","1","1",10.1698905203025,10.1698905203025
"72","BS084",2022,"Tanoak",17,718.424094975893,432,36,"sober","1","1",1.43100637389599,2.70765240008464
"73","BS084",2022,"Redwood",33,172930.504454617,432,36,"sober","1","1",1.43100637389599,2.70765240008464
"74","BS085",2011,"Tanoak",68,2731.63686342725,505,30,"sober","1","0",47.8644330873768,47.8644330873768
"75","BS085",2011,"Bay laurel",13,25059.8520873188,505,30,"sober","1","0",47.8644330873768,47.8644330873768
"76","BS085",2014,"Tanoak",102,3984.40226716913,505,30,"sober","1","0",57.0184548405464,57.0184548405464
"77","BS085",2014,"Bay laurel",17,28978.0588737217,505,30,"sober","1","0",57.0184548405464,57.0184548405464
"78","BS085",2019,"Tanoak",42,234.436455694884,505,30,"sober","1","1",3.65288167455132,5.43738096411949
"79","BS085",2019,"Bay laurel",59,712.609870610569,505,30,"sober","1","1",3.65288167455132,5.43738096411949
"80","BS085",2022,"Tanoak",49,2431.5082157928,505,30,"sober","1","1",5.08811258828167,6.87261187784984
"81","BS085",2022,"Bay laurel",40,2252.23292559538,505,30,"sober","1","1",5.08811258828167,6.87261187784984
"82","BS086",2018,"Tanoak",2,7.1121013026803,578,28,"sober","1","1",3.28281304994149,3.28281304994149
"83","BS086",2018,"Tanoak",2,7.1121013026803,578,28,"sober","1","1",3.28281304994149,3.28281304994149
"84","BS086",2018,"Redwood",38,6899.83157169384,578,28,"sober","1","1",3.28281304994149,3.28281304994149
"85","BS086",2018,"Redwood",38,6899.83157169384,578,28,"sober","1","1",3.28281304994149,3.28281304994149
"86","BS086",2018,"Bay laurel",7,50.9256518590954,578,28,"sober","1","1",3.28281304994149,3.28281304994149
"87","BS086",2018,"Bay laurel",7,50.9256518590954,578,28,"sober","1","1",3.28281304994149,3.28281304994149
"88","BS086",2023,"Tanoak",12,386.247039890433,578,28,"sober","1","1",4.29095093780433,4.29095093780433
"89","BS086",2023,"Redwood",26,10475.0885798782,578,28,"sober","1","1",4.29095093780433,4.29095093780433
"90","BS086",2023,"Bay laurel",6,565.64808756973,578,28,"sober","1","1",4.29095093780433,4.29095093780433
"91","BS094",2009,"Tanoak",1,4.9394846462993,771,27,"sober","1","0",5.16773849501796,6.19049387111521
"92","BS098",2018,"Redwood",31,558921.649893274,478,39,"sober","1","1",1.1176861613468,17.3155911688418
"93","BS098",2023,"Tanoak",16,399.620231662802,478,39,"sober","1","1",30.6124487737935,46.8103537812885
"94","BS098",2023,"Redwood",42,553741.171199094,478,39,"sober","1","1",30.6124487737935,46.8103537812885
"95","BS122",2019,"Tanoak",110,1016.92967185051,742,29,"sober","1","1",1.9349864846222,5.88379344715246
"96","BS122",2019,"Tanoak",110,1016.92967185051,742,29,"sober","1","1",1.9349864846222,5.88379344715246
"97","BS122",2019,"Bay laurel",40,510.772793438441,742,29,"sober","1","1",1.9349864846222,5.88379344715246
"98","BS122",2019,"Bay laurel",40,510.772793438441,742,29,"sober","1","1",1.9349864846222,5.88379344715246
"99","BS126",2011,"Bay laurel",2,1678.39672991387,297,30,"control","1","0",0.87696928526443,0.87696928526443
"100","BS126",2014,"Bay laurel",2,2241.68721963446,297,30,"control","1","0",0.87696928526443,0.87696928526443
"101","BS131",2009,"Tanoak",3,13.1376162208655,223,25,"control","0","0",4.77731165534622,4.77731165534622
"102","BS131",2009,"Redwood",1,19.2336179399344,223,25,"control","0","0",4.77731165534622,4.77731165534622
"103","BS131",2010,"Tanoak",30,187914.367348123,223,25,"control","0","0",4.77731165534622,4.77731165534622
"104","BS131",2010,"Redwood",61,239615.525525949,223,25,"control","0","0",4.77731165534622,4.77731165534622
"105","BS131",2013,"Tanoak",33,195721.069726402,223,25,"control","1","0",4.77731165534622,4.77731165534622
"106","BS131",2013,"Redwood",59,244335.597828253,223,25,"control","1","0",4.77731165534622,4.77731165534622
"107","BS131",2018,"Tanoak",24,201561.341068863,223,25,"control","1","0",4.77731165534622,4.77731165534622
"108","BS131",2018,"Redwood",55,255847.071679856,223,25,"control","1","0",4.77731165534622,4.77731165534622
"109","BS132",2019,"Bay laurel",257,11658.8377689051,538,30,"sober_chalk","1","1",23.9168937615048,28.8836337007718
"110","BS132",2019,"Bay laurel",257,11658.8377689051,538,30,"sober_chalk","1","1",23.9168937615048,28.8836337007718
"111","BS132",2022,"Bay laurel",176,24085.9016844816,538,30,"sober_chalk","1","1",22.4027104503463,26.0538851422814
"112","BS132",2022,"Bay laurel",176,24085.9016844816,538,30,"sober_chalk","1","1",22.4027104503463,26.0538851422814
"113","BS132",2022,"Bay laurel",176,24085.9016844816,538,30,"sober_chalk","1","1",22.4027104503463,26.0538851422814
"114","BS134",2023,"Tanoak",3,30.0422547743866,513,27,"sober","1","1",1.9949708340597,3.17762021089248
"115","BS134",2023,"Redwood",19,343835.050886487,513,27,"sober","1","1",1.9949708340597,3.17762021089248
"116","BS134",2023,"Bay laurel",2,92.0559174322189,513,27,"sober","1","1",1.9949708340597,3.17762021089248
"117","BS140",2013,"Tanoak",11,2701.49798212878,293,15,"sober","1","0",4.5890763146368,4.5890763146368
"118","BS140",2013,"Redwood",23,1731234.92867556,293,15,"sober","1","0",4.5890763146368,4.5890763146368
"119","BS140",2013,"Bay laurel",6,22547.1410096769,293,15,"sober","1","0",4.5890763146368,4.5890763146368
"120","BS140",2018,"Tanoak",1,1860.34497357734,293,15,"sober","1","1",7.90420643620094,99.4741710226665
"121","BS140",2018,"Redwood",16,1115447.55069881,293,15,"sober","1","1",7.90420643620094,99.4741710226665
"122","BS140",2018,"Bay laurel",5,19075.1725789206,293,15,"sober","1","1",7.90420643620094,99.4741710226665
"123","BS140",2022,"Tanoak",9,79.1780644305219,293,15,"sober","1","1",5.34136818419219,99.7752083702444
"124","BS140",2022,"Redwood",13,1102841.86778922,293,15,"sober","1","1",5.34136818419219,99.7752083702444
"125","BS140",2022,"Bay laurel",6,19140.0100276393,293,15,"sober","1","1",5.34136818419219,99.7752083702444
"126","BS141",2009,"Tanoak",24,628.465279104533,276,40,"sober","1","0",21.4543852960858,21.4543852960858
"127","BS141",2011,"Tanoak",50,34254.1749905448,276,40,"sober","1","0",41.918151434954,41.918151434954
"128","BS141",2014,"Tanoak",54,1472.22272358658,276,40,"sober","1","0",43.1679431796769,43.1679431796769
"129","BS141",2014,"Bay laurel",1,4.93296744201325,276,40,"sober","1","0",43.1679431796769,43.1679431796769
"130","BS146",2009,"Tanoak",2,24.4622769888089,704,35,"sober","1","0",1.77908086380498,1.77908086380498
"131","BS146",2009,"Bay laurel",4,129.971882727335,704,35,"sober","1","0",1.77908086380498,1.77908086380498
"132","BS146",2011,"Tanoak",11,5984.76814429257,704,35,"sober","1","0",17.6682185122125,17.6682185122125
"133","BS146",2011,"Bay laurel",40,91571.5873462017,704,35,"sober","1","0",17.6682185122125,17.6682185122125
"134","BS146",2014,"Tanoak",9,1422.64214185006,704,35,"sober","1","0",26.5149816245995,26.5149816245995
"135","BS146",2014,"Bay laurel",40,99816.2017225457,704,35,"sober","1","0",26.5149816245995,26.5149816245995
"136","BS147",2009,"Tanoak",4,41.1988298022048,399,36,"sober","1","0",3.15403773956401,52.9124809024231
"137","BS147",2009,"Bay laurel",1,10416.3318854392,399,36,"sober","1","0",3.15403773956401,52.9124809024231
"138","BS147",2010,"Tanoak",38,7698.88221022422,399,36,"sober","1","0",3.15900907050968,52.9174522333687
"139","BS147",2010,"Redwood",7,400462.402808106,399,36,"sober","1","0",3.15900907050968,52.9174522333687
"140","BS147",2010,"Bay laurel",6,49293.6569759546,399,36,"sober","1","0",3.15900907050968,52.9174522333687
"141","BS147",2013,"Tanoak",31,2436.87994658243,399,36,"sober","1","0",10.8434362876659,61.5164945480983
"142","BS147",2013,"Redwood",7,396790.16605449,399,36,"sober","1","0",10.8434362876659,61.5164945480983
"143","BS147",2013,"Bay laurel",6,49346.0164284874,399,36,"sober","1","0",10.8434362876659,61.5164945480983
"144","BS147",2018,"Tanoak",1,723.719862286844,399,36,"sober","1","1",3.84103544187457,12.733386686427
"145","BS147",2018,"Redwood",97,173054.222921939,399,36,"sober","1","1",3.84103544187457,12.733386686427
"146","BS147",2018,"Bay laurel",21,26229.9187394072,399,36,"sober","1","1",3.84103544187457,12.733386686427
"147","BS147",2022,"Tanoak",20,181.833150347689,399,36,"sober","1","1",2.43922524662687,36.9487797433225
"148","BS147",2022,"Redwood",24,167975.273539907,399,36,"sober","1","1",2.43922524662687,36.9487797433225
"149","BS147",2022,"Bay laurel",13,12175.2038597474,399,36,"sober","1","1",2.43922524662687,36.9487797433225
"150","BS148",2019,"Tanoak",9,33.9467204301252,870,28,"sober","1","1",0.963562277404629,1.81914533347208
"151","BS148",2019,"Tanoak",9,33.9467204301252,870,28,"sober","1","1",0.963562277404629,1.81914533347208
"152","BS148",2019,"Bay laurel",1,5.82664416058169,870,28,"sober","1","1",0.963562277404629,1.81914533347208
"153","BS148",2019,"Bay laurel",1,5.82664416058169,870,28,"sober","1","1",0.963562277404629,1.81914533347208
"154","BS148",2023,"Tanoak",29,1109.42224060062,870,28,"sober","1","1",1.42859910534918,40.742427539893
"155","BS148",2023,"Tanoak",29,1109.42224060062,870,28,"sober","1","1",1.42859910534918,40.742427539893
"156","BS148",2023,"Bay laurel",1,39.0649391082526,870,28,"sober","1","1",1.42859910534918,40.742427539893
"157","BS148",2023,"Bay laurel",1,39.0649391082526,870,28,"sober","1","1",1.42859910534918,40.742427539893
"158","BS149",2023,"Tanoak",2,86.3005094539358,759,22,"sober","1","1",25.4290539769832,75.9764799784152
"159","BS149",2023,"Tanoak",2,86.3005094539358,759,22,"sober","1","1",25.4290539769832,75.9764799784152
"160","BS149",2023,"Bay laurel",55,6469.55286159717,759,22,"sober","1","1",25.4290539769832,75.9764799784152
"161","BS149",2023,"Bay laurel",55,6469.55286159717,759,22,"sober","1","1",25.4290539769832,75.9764799784152
"162","BS150",2014,"Bay laurel",27,87551.8579415246,854,23,"sober","1","0",38.7561263151891,490.009334806697
"163","BS158",2011,"Tanoak",3,72153.3432038985,635,13,"sober_chalk","0","1",64.1091689804054,64.1091689804054
"164","BS158",2014,"Tanoak",7,84969.7498721331,635,13,"sober_chalk","0","1",63.5939981795965,63.5939981795965
"165","BS158",2019,"Tanoak",10,43661.3620697896,635,13,"sober_chalk","1","1",23.44163531375,23.44163531375
"166","BS158",2022,"Tanoak",9,54391.004334088,635,13,"sober_chalk","1","1",26.7166264408257,26.7166264408257
"167","BS159",2009,"Tanoak",14,56.3371434154156,250,28,"sober","1","0",24.8170252433394,40.8188031523675
"168","BS159",2018,"Tanoak",16,340977.43017,250,28,"sober","1","1",5.01338383460233,5.01338383460233
"169","BS159",2023,"Tanoak",40,233363.807286424,250,28,"sober","1","1",59.5905188023172,85.2342469867595
"170","BS160",2013,"Tanoak",132,307193.177219776,386,38,"sober_chalk","0","1",12.0257392900829,13.3643773392288
"171","BS160",2013,"Redwood",58,647486.334290048,386,38,"sober_chalk","0","1",12.0257392900829,13.3643773392288
"172","BS160",2018,"Tanoak",48,234909.556419621,386,38,"sober_chalk","0","1",9.06708203502367,123.089571311346
"173","BS160",2018,"Redwood",52,430200.717736585,386,38,"sober_chalk","0","1",9.06708203502367,123.089571311346
"174","BS160",2022,"Tanoak",78,139193.286139544,386,38,"sober_chalk","0","1",9.06708203502367,123.089571311346
"175","BS160",2022,"Redwood",30,448699.404397776,386,38,"sober_chalk","0","1",9.06708203502367,123.089571311346
"176","BS165",2009,"Redwood",1,16693.5467817538,287,10,"sober_chalk","0","1",13.5509957974693,28.6014065551974
"177","BS165",2010,"Tanoak",10,248526.973770984,287,10,"sober_chalk","0","1",13.79168996421,30.372532901243
"178","BS165",2010,"Redwood",12,430981.581441509,287,10,"sober_chalk","0","1",13.79168996421,30.372532901243
"179","BS165",2013,"Tanoak",12,245586.458183289,287,10,"sober_chalk","0","1",8.52688925939404,25.107732196427
"180","BS165",2013,"Redwood",12,440504.937558117,287,10,"sober_chalk","0","1",8.52688925939404,25.107732196427
"181","BS165",2018,"Tanoak",7,210423.946767215,287,10,"sober_chalk","0","1",12.6473371583679,20.9602892195724
"182","BS165",2018,"Redwood",11,436349.892409384,287,10,"sober_chalk","0","1",12.6473371583679,20.9602892195724
"183","BS165",2022,"Tanoak",13,38723.5017311867,287,10,"sober_chalk","0","1",77.4960628444746,83.0544842095666
"184","BS165",2022,"Redwood",13,446165.574005164,287,10,"sober_chalk","0","1",77.4960628444746,83.0544842095666
"185","BS166",2023,"Tanoak",71,126845.708075003,352,25,"sober_chalk","0","1",5.2976863309336,5.2976863309336
"186","BS166",2023,"Redwood",8,408505.21107724,352,25,"sober_chalk","0","1",5.2976863309336,5.2976863309336
"187","BS168",2018,"Tanoak",6,26.8848162308877,317,35,"sober_chalk","1","1",90.5693298689205,102.800998389219
"188","BS168",2018,"Redwood",4,180532.480835789,317,35,"sober_chalk","1","1",90.5693298689205,102.800998389219
"189","BS168",2023,"Tanoak",52,1202.599153795,317,35,"sober_chalk","1","1",80.5524529765795,92.7841214968779
"190","BS168",2023,"Redwood",9,193487.338181722,317,35,"sober_chalk","1","1",80.5524529765795,92.7841214968779
"191","BS175",2009,"Bay laurel",1,2.19006729913306,511,25,"sober_chalk","1","1",4.7147872661406,4.7147872661406
"192","BS175",2011,"Tanoak",26,11664.1338106879,511,25,"sober_chalk","1","1",10.9049882837307,10.9049882837307
"193","BS175",2011,"Bay laurel",43,77068.4905946513,511,25,"sober_chalk","1","1",10.9049882837307,10.9049882837307
"194","BS175",2014,"Tanoak",62,8060.6194910658,511,25,"sober_chalk","1","1",28.26599180265,29.6643573278288
"195","BS175",2014,"Bay laurel",53,79615.5128111756,511,25,"sober_chalk","1","1",28.26599180265,29.6643573278288
"196","BS188",2009,"Bay laurel",1,2.75645195856039,259,28,"control","1","0",0.578927194733275,0.578927194733275
"197","BS188",2011,"Tanoak",14,1194.31887371468,259,28,"control","1","0",48.6111647461429,48.6111647461429
"198","BS188",2011,"Bay laurel",5,5458.26189680818,259,28,"control","1","0",48.6111647461429,48.6111647461429
"199","BS188",2014,"Tanoak",17,905.54084999532,259,28,"control","1","0",55.3839905573396,55.3839905573396
"200","BS188",2014,"Bay laurel",7,7160.56003686456,259,28,"control","1","0",55.3839905573396,55.3839905573396
"201","BS194",2009,"Bay laurel",2,10.9337610123442,417,38,"sober_chalk","1","1",19.3408241058116,21.3440684695849
"202","BS194",2011,"Tanoak",16,63.061381929368,417,38,"sober_chalk","1","1",19.3408241058116,23.6645573975058
"203","BS194",2011,"Bay laurel",176,78562.2754205264,417,38,"sober_chalk","1","1",19.3408241058116,23.6645573975058
"204","BS194",2014,"Tanoak",42,755.833636877555,417,38,"sober_chalk","1","1",16.0928842914317,32.3032307281496
"205","BS194",2014,"Bay laurel",189,91783.923625856,417,38,"sober_chalk","1","1",16.0928842914317,32.3032307281496
"206","BS194",2022,"Tanoak",3,202.428863775018,417,38,"sober_chalk","1","1",0.291896278855606,4.05485131223561
"207","BS194",2022,"Bay laurel",73,100595.018577986,417,38,"sober_chalk","1","1",0.291896278855606,4.05485131223561
"208","BS195",2011,"Tanoak",9,24.9145196421359,579,42,"sober_chalk","1","1",3.75306431251076,3.75306431251076
"209","BS195",2011,"Bay laurel",22,158.988047682603,579,42,"sober_chalk","1","1",3.75306431251076,3.75306431251076
"210","BS195",2014,"Tanoak",55,793.841770996343,579,42,"sober_chalk","1","1",20.6540572991883,24.4681136823769
"211","BS195",2014,"Bay laurel",31,1051.75884763875,579,42,"sober_chalk","1","1",20.6540572991883,24.4681136823769
"212","BS195",2019,"Tanoak",2,68.1857329432907,579,42,"sober_chalk","1","1",0.3334845502422,0.3334845502422
"213","BS195",2019,"Bay laurel",2,10.209159322858,579,42,"sober_chalk","1","1",0.3334845502422,0.3334845502422
"214","BS196",2023,"Bay laurel",21,37277.1060656685,646,30,"sober_chalk","1","1",27.746799134185,31.156377277409
"215","BS202",2014,"Bay laurel",22,247.719620797514,770,37,"sober_chalk","1","1",1.54616941765933,2.3181601940669
"216","BS202",2019,"Bay laurel",3,9.07164273401927,770,37,"sober_chalk","1","1",1.16247797256404,5.15654693929829
"217","BS202",2023,"Bay laurel",5,107.742378032627,770,37,"sober_chalk","1","1",1.39794799640999,5.39201696314424
"218","BS217",2009,"Tanoak",1,3.39050607085258,127,30,"sober_chalk","1","1",1.50932597284051,1.50932597284051
"219","BS217",2011,"Tanoak",1,3.39050607085258,127,30,"sober_chalk","1","1",1.73770332585815,1.73770332585815
"220","BS217",2014,"Tanoak",4,31.8396044587636,127,30,"sober_chalk","1","1",1.73770332585815,1.73770332585815
"221","BS220",2009,"Tanoak",3,404.229438224292,231,40,"sober_chalk","1","1",9.71530641887778,10.2899637333344
"222","BS220",2009,"Bay laurel",1,1790.15381023434,231,40,"sober_chalk","1","1",9.71530641887778,10.2899637333344
"223","BS221",2010,"Tanoak",3,10.4168224345549,435,30,"sober_chalk","1","1",16.6153897388914,16.6153897388914
"224","BS221",2010,"Redwood",32,250.219681631487,435,30,"sober_chalk","1","1",16.6153897388914,16.6153897388914
"225","BS221",2013,"Tanoak",113,1361.15209680452,435,30,"sober_chalk","1","1",42.1623803642042,42.1623803642042
"226","BS221",2013,"Tanoak",113,1361.15209680452,435,30,"sober_chalk","1","1",42.1623803642042,42.1623803642042
"227","BS221",2013,"Redwood",37,1037.70464250873,435,30,"sober_chalk","1","1",42.1623803642042,42.1623803642042
"228","BS221",2013,"Redwood",37,1037.70464250873,435,30,"sober_chalk","1","1",42.1623803642042,42.1623803642042
"229","BS221",2018,"Tanoak",21,1055.09334862544,435,30,"sober_chalk","1","1",0.582087318428453,0.582087318428453
"230","BS221",2018,"Redwood",24,3292.29295426488,435,30,"sober_chalk","1","1",0.582087318428453,0.582087318428453
"231","BS221",2023,"Tanoak",30,6067.21452429768,435,30,"sober_chalk","1","1",0.460728249423417,0.460728249423417
"232","BS221",2023,"Redwood",23,7791.92515466225,435,30,"sober_chalk","1","1",0.460728249423417,0.460728249423417
"233","BS222",2009,"Redwood",1,253.513515811088,416,37,"sober_chalk","1","1",117.668111203885,162.05746633148
"234","BS224",2010,"Tanoak",38,201.451364059056,435,31,"sober_chalk","1","1",1.34620749061167,1.34620749061167
"235","BS224",2010,"Redwood",6,359290.568864861,435,31,"sober_chalk","1","1",1.34620749061167,1.34620749061167
"236","BS224",2013,"Tanoak",297,4782.84496667368,435,31,"sober_chalk","1","1",2.45371030870568,2.45371030870568
"237","BS224",2013,"Redwood",7,352720.263416473,435,31,"sober_chalk","1","1",2.45371030870568,2.45371030870568
"238","BS224",2018,"Tanoak",240,18863.8263606999,435,31,"sober_chalk","1","1",1.27069484069235,1.27069484069235
"239","BS224",2018,"Redwood",5,350920.03969781,435,31,"sober_chalk","1","1",1.27069484069235,1.27069484069235
"240","BS224",2022,"Tanoak",137,39420.4135800386,435,31,"sober_chalk","1","1",3.31315437671229,3.31315437671229
"241","BS224",2022,"Redwood",5,377462.15884768,435,31,"sober_chalk","1","1",3.31315437671229,3.31315437671229
"242","BS226",2009,"Redwood",1,168.399133764323,474,38,"sober_chalk","1","1",14.5463942803746,28.3209469853047
"243","BS226",2009,"Bay laurel",1,9.0470418055478,474,38,"sober_chalk","1","1",14.5463942803746,28.3209469853047
"244","BS226",2018,"Tanoak",60,5769.80331855814,474,38,"sober_chalk","1","1",10.4812699897335,76.3299273219247
"245","BS226",2018,"Redwood",29,129664.616566606,474,38,"sober_chalk","1","1",10.4812699897335,76.3299273219247
"246","BS226",2018,"Bay laurel",5,930.135130705841,474,38,"sober_chalk","1","1",10.4812699897335,76.3299273219247
"247","BS226",2023,"Tanoak",54,16531.6261975789,474,38,"sober_chalk","1","1",3.23589204353654,81.2397771810962
"248","BS226",2023,"Redwood",31,148362.811580887,474,38,"sober_chalk","1","1",3.23589204353654,81.2397771810962
"249","BS226",2023,"Bay laurel",5,2019.3350655073,474,38,"sober_chalk","1","1",3.23589204353654,81.2397771810962
"250","BS233",2011,"Bay laurel",207,72461.5589447593,687,38,"chalk","1","1",2.89884145120909,3.36853627674863
"251","BS233",2014,"Tanoak",2,36.6816162205736,687,38,"chalk","1","1",5.32653226061965,25.4281166840575
"252","BS233",2014,"Bay laurel",237,51712.8992466298,687,38,"chalk","1","1",5.32653226061965,25.4281166840575
"253","BS233",2019,"Bay laurel",190,50056.6571343292,687,38,"chalk","1","1",8.17742109410122,33.1348031900514
"254","BS233",2022,"Bay laurel",109,52211.8233707231,687,38,"chalk","1","1",9.92647788556268,37.7653471558257
"255","BS239",2018,"Tanoak",5,132.416480711604,88,35,"control","1","0",0.437690995149947,1.14549704003952
"256","BS239",2018,"Redwood",19,1245636.01881242,88,35,"control","1","0",0.437690995149947,1.14549704003952
"257","BS239",2018,"Bay laurel",19,77633.9441482517,88,35,"control","1","0",0.437690995149947,1.14549704003952
"258","BS241",2023,"Tanoak",17,16223.7009208983,361,39,"sober_chalk","1","1",28.9650803046562,28.9650803046562
"259","BS241",2023,"Redwood",10,285865.331584307,361,39,"sober_chalk","1","1",28.9650803046562,28.9650803046562
"260","BS242",2013,"Tanoak",12,151134.738400693,403,39,"sober_chalk","1","1",5.80233492323876,5.80233492323876
"261","BS242",2013,"Redwood",5,385953.781316986,403,39,"sober_chalk","1","1",5.80233492323876,5.80233492323876
"262","BS242",2018,"Tanoak",8,101632.556078092,403,39,"sober_chalk","1","1",37.6863508157729,37.6863508157729
"263","BS242",2018,"Redwood",6,453394.589200657,403,39,"sober_chalk","1","1",37.6863508157729,37.6863508157729
"264","BS242",2022,"Tanoak",9,77232.6529585266,403,39,"sober_chalk","1","1",79.0324539601867,79.0324539601867
"265","BS242",2022,"Redwood",6,260191.623273942,403,39,"sober_chalk","1","1",79.0324539601867,79.0324539601867
"266","BS244",2023,"Tanoak",1,64.0636300542037,357,35,"sober_chalk","0","1",0.810085175056937,155.772940644786
"267","BS244",2023,"Redwood",38,918458.428989108,357,35,"sober_chalk","0","1",0.810085175056937,155.772940644786
"268","BS244",2023,"Bay laurel",7,454.860241933375,357,35,"sober_chalk","0","1",0.810085175056937,155.772940644786
"269","BS271",2009,"Bay laurel",82,335.752395681539,863,42,"chalk","1","1",6.11348941725943,6.11348941725943
"270","BS272",2011,"Tanoak",55,853.179001466653,624,32,"chalk","1","1",17.6840888103732,17.6840888103732
"271","BS272",2011,"Bay laurel",21,303.617235944277,624,32,"chalk","1","1",17.6840888103732,17.6840888103732
"272","BS272",2014,"Tanoak",54,1885.35670361321,624,32,"chalk","1","1",16.0195378038906,16.0195378038906
"273","BS272",2014,"Bay laurel",31,768.814845987582,624,32,"chalk","1","1",16.0195378038906,16.0195378038906
"274","BS272",2019,"Tanoak",34,2356.19394031747,624,32,"chalk","1","1",26.5197323302663,28.7728333642781
"275","BS272",2019,"Bay laurel",37,1849.97168141189,624,32,"chalk","1","1",26.5197323302663,28.7728333642781
"276","BS272",2022,"Tanoak",14,2544.25389947192,624,32,"chalk","1","1",26.4360795277624,30.834721195406
"277","BS272",2022,"Bay laurel",21,2038.48098678633,624,32,"chalk","1","1",26.4360795277624,30.834721195406
"278","BS273",2011,"Tanoak",30,24421.2304911123,283,41,"chalk","1","1",0.161603676645778,0.161603676645778
"279","BS273",2011,"Bay laurel",19,97.2422946803305,283,41,"chalk","1","1",0.161603676645778,0.161603676645778
"280","BS273",2014,"Tanoak",54,895.399476266496,283,41,"chalk","1","1",6.39287115567404,6.39287115567404
"281","BS273",2014,"Tanoak",54,895.399476266496,283,41,"chalk","1","1",6.39287115567404,6.39287115567404
"282","BS273",2014,"Bay laurel",27,280.38743918012,283,41,"chalk","1","1",6.39287115567404,6.39287115567404
"283","BS273",2014,"Bay laurel",27,280.38743918012,283,41,"chalk","1","1",6.39287115567404,6.39287115567404
"284","BS273",2019,"Tanoak",44,2523.65420498229,283,41,"chalk","1","1",8.18231381367074,8.18231381367074
"285","BS273",2019,"Bay laurel",25,621.185584821869,283,41,"chalk","1","1",8.18231381367074,8.18231381367074
"286","BS273",2022,"Tanoak",18,3102.71245674026,283,41,"chalk","1","1",8.22273466374032,8.22273466374032
"287","BS273",2022,"Bay laurel",10,588.60287953199,283,41,"chalk","1","1",8.22273466374032,8.22273466374032
"288","BS276",2023,"Tanoak",28,1732.2161054303,357,22,"chalk","1","1",5.49522753013924,5.49522753013924
"289","BS276",2023,"Tanoak",28,1732.2161054303,357,22,"chalk","1","1",5.49522753013924,5.49522753013924
"290","BS276",2023,"Redwood",38,853721.291356209,357,22,"chalk","1","1",5.49522753013924,5.49522753013924
"291","BS276",2023,"Redwood",38,853721.291356209,357,22,"chalk","1","1",5.49522753013924,5.49522753013924
"292","BS277",2021,"Tanoak",3,779.319477597429,262,44,"dolan_chalk","1","1",4.94017936771524,4.94017936771524
"293","BS277",2021,"Redwood",14,235292.842687392,262,44,"dolan_chalk","1","1",4.94017936771524,4.94017936771524
"294","BS278",2021,"Tanoak",1,28306.0121444127,384,41,"dolan_chalk","1","1",21.5883738107206,24.5875485564133
"295","BS278",2021,"Redwood",4,66473.2948880311,384,41,"dolan_chalk","1","1",21.5883738107206,24.5875485564133
"296","BS278",2021,"Bay laurel",3,55845.6677963426,384,41,"dolan_chalk","1","1",21.5883738107206,24.5875485564133
"297","BS283",2010,"Tanoak",34,113564.389626784,606,33,"chalk","1","1",17.6843614039984,17.6843614039984
"298","BS283",2010,"Redwood",47,6802.98494822918,606,33,"chalk","1","1",17.6843614039984,17.6843614039984
"299","BS283",2013,"Tanoak",155,42006.7493740992,606,33,"chalk","1","1",53.8385928335319,55.0822294375067
"300","BS283",2013,"Redwood",59,2532.91542794416,606,33,"chalk","1","1",53.8385928335319,55.0822294375067
"301","BS283",2018,"Tanoak",173,35640.7740668511,606,33,"chalk","1","1",44.0799670038224,45.3236036077972
"302","BS283",2018,"Redwood",56,10078.0004013067,606,33,"chalk","1","1",44.0799670038224,45.3236036077972
"303","BS283",2022,"Tanoak",89,30015.6146118563,606,33,"chalk","1","1",40.4559241105742,41.699560714549
"304","BS283",2022,"Redwood",42,17371.6734886718,606,33,"chalk","1","1",40.4559241105742,41.699560714549
"305","BS296",2021,"Redwood",57,647235.926745808,590,40,"dolan_chalk","0","1",14.5539448151676,18.5064231521146
"306","BS297",2010,"Tanoak",2,36734.5715753709,618,30,"dolan_chalk","1","1",28.1331414802331,28.1331414802331
"307","BS297",2010,"Redwood",6,138278.000122648,618,30,"dolan_chalk","1","1",28.1331414802331,28.1331414802331
"308","BS297",2010,"Bay laurel",2,8994.62114408656,618,30,"dolan_chalk","1","1",28.1331414802331,28.1331414802331
"309","BS297",2013,"Tanoak",2,38556.7335202502,618,30,"dolan_chalk","1","1",28.7910802386889,35.1464826437279
"310","BS297",2013,"Redwood",12,149043.214773432,618,30,"dolan_chalk","1","1",28.7910802386889,35.1464826437279
"311","BS297",2013,"Bay laurel",13,5839.761567612,618,30,"dolan_chalk","1","1",28.7910802386889,35.1464826437279
"312","BS297",2018,"Tanoak",7,45.4702954848936,618,30,"dolan_chalk","1","1",89.3429763655838,99.4248690521224
"313","BS297",2018,"Redwood",21,159408.595448153,618,30,"dolan_chalk","1","1",89.3429763655838,99.4248690521224
"314","BS297",2018,"Bay laurel",15,5248.01610518829,618,30,"dolan_chalk","1","1",89.3429763655838,99.4248690521224
"315","BS301",2010,"Tanoak",7,24873.171977761,510,27,"dolan_chalk","1","1",1.14286619896759,1.14286619896759
"316","BS301",2010,"Redwood",18,264584.025631765,510,27,"dolan_chalk","1","1",1.14286619896759,1.14286619896759
"317","BS301",2010,"Bay laurel",7,43253.6811632581,510,27,"dolan_chalk","1","1",1.14286619896759,1.14286619896759
"318","BS301",2013,"Tanoak",3,444.335009805171,510,27,"dolan_chalk","1","1",7.335685978113,8.75733667709128
"319","BS301",2013,"Redwood",29,292036.713663459,510,27,"dolan_chalk","1","1",7.335685978113,8.75733667709128
"320","BS301",2013,"Bay laurel",7,46288.1992228046,510,27,"dolan_chalk","1","1",7.335685978113,8.75733667709128
"321","BS301",2018,"Tanoak",6,43.2252431583136,510,27,"dolan_chalk","1","1",48.6429297517568,57.6619190781243
"322","BS301",2018,"Redwood",42,316153.837110292,510,27,"dolan_chalk","1","1",48.6429297517568,57.6619190781243
"323","BS301",2018,"Bay laurel",13,49626.8377073067,510,27,"dolan_chalk","1","1",48.6429297517568,57.6619190781243
"324","BS306",2019,"Bay laurel",76,2826.93623075754,908,35,"dolan_chalk","1","1",15.408727756538,17.2747596256383
"325","BS306",2019,"Bay laurel",76,2826.93623075754,908,35,"dolan_chalk","1","1",15.408727756538,17.2747596256383
"326","BS312",2019,"Bay laurel",26,2574.11396226521,583,26,"control","1","0",18.4108619189913,23.0369318772541
"327","BS312",2022,"Bay laurel",30,3603.15045273835,583,26,"control","1","0",21.9710210246808,26.8963975878039
"328","BS313",2010,"Tanoak",47,61959.8105623236,581,20,"control","1","0",13.5784615098832,299.56948480844
"329","BS313",2010,"Redwood",53,1183200.54769063,581,20,"control","1","0",13.5784615098832,299.56948480844
"330","BS313",2010,"Bay laurel",25,955.433206753234,581,20,"control","1","0",13.5784615098832,299.56948480844
"331","BS313",2013,"Tanoak",46,61159.4738480788,581,20,"control","1","0",3.11131718662099,304.146327486077
"332","BS313",2013,"Redwood",59,1220297.78792217,581,20,"control","1","0",3.11131718662099,304.146327486077
"333","BS313",2013,"Bay laurel",27,1331.18677726877,581,20,"control","1","0",3.11131718662099,304.146327486077
"334","BS313",2018,"Tanoak",49,62057.1495952648,581,20,"control","1","0",19.3330470746718,321.526942985355
"335","BS313",2018,"Redwood",76,1210228.90293178,581,20,"control","1","0",19.3330470746718,321.526942985355
"336","BS313",2018,"Bay laurel",27,1945.24253160833,581,20,"control","1","0",19.3330470746718,321.526942985355
"337","BS313",2022,"Tanoak",22,1870.16983136358,581,20,"control","1","0",35.8497707705485,338.043666681232
"338","BS313",2022,"Redwood",36,1205334.27035749,581,20,"control","1","0",35.8497707705485,338.043666681232
"339","BS313",2022,"Bay laurel",16,2147.18038906744,581,20,"control","1","0",35.8497707705485,338.043666681232
"340","BS316",2011,"Bay laurel",12,7614.15146800981,576,27,"control","1","0",7.31489657391881,7.31489657391881
"341","BS316",2014,"Tanoak",4,17.5398427585524,576,27,"control","1","0",5.74066279856311,5.74066279856311
"342","BS316",2014,"Bay laurel",13,8342.64211502499,576,27,"control","1","0",5.74066279856311,5.74066279856311
"343","BS316",2019,"Tanoak",6,49.5685914736216,576,27,"control","1","0",9.23513726990267,11.3266819799585
"344","BS316",2019,"Bay laurel",13,10538.5579561619,576,27,"control","1","0",9.23513726990267,11.3266819799585
"345","BS316",2022,"Tanoak",3,71.3187486066817,576,27,"control","1","0",27.5464358123754,29.42917547178
"346","BS316",2022,"Bay laurel",11,12403.8741408379,576,27,"control","1","0",27.5464358123754,29.42917547178
"347","BS326",2009,"Bay laurel",23,1233.67908647013,720,39,"control","1","0",0.699222545342522,3.35004755989549
"348","BS326",2011,"Bay laurel",25,1575.16591987232,720,39,"control","1","0",0.943614147851053,4.18892315361908
"349","BS326",2014,"Bay laurel",24,2228.07230067682,720,39,"control","1","0",0.943614147851053,4.18892315361908
"350","BS328",2009,"Tanoak",11,34337.2824507265,433,23,"control","0","0",0.382905420774068,0.634660590274929
"351","BS328",2011,"Tanoak",54,368354.278950039,433,23,"control","1","0",2.38452307262624,2.38452307262624
"352","BS328",2011,"Bay laurel",4,4070.26622548528,433,23,"control","1","0",2.38452307262624,2.38452307262624
"353","BS328",2014,"Tanoak",44,352605.832375219,433,23,"control","1","0",7.34800103081579,7.34800103081579
"354","BS328",2014,"Bay laurel",4,4012.88852347141,433,23,"control","1","0",7.34800103081579,7.34800103081579
"355","BS328",2019,"Tanoak",13,65013.6438148747,433,23,"control","1","0",10.4558781337602,10.4558781337602
"356","BS328",2019,"Bay laurel",4,4413.31552511649,433,23,"control","1","0",10.4558781337602,10.4558781337602
"357","BS328",2022,"Tanoak",14,8036.86760061837,433,23,"control","1","0",38.4090268903848,38.4090268903848
"358","BS328",2022,"Bay laurel",4,6030.10571048513,433,23,"control","1","0",38.4090268903848,38.4090268903848
"359","BS355",2013,"Tanoak",170,16719.954466499,470,33,"sober_chalk","0","1",1.80780461955179,3.03256380509638
"360","BS355",2013,"Tanoak",170,16719.954466499,470,33,"sober_chalk","0","1",1.80780461955179,3.03256380509638
"361","BS355",2013,"Redwood",15,1073520.43292389,470,33,"sober_chalk","0","1",1.80780461955179,3.03256380509638
"362","BS355",2013,"Redwood",15,1073520.43292389,470,33,"sober_chalk","0","1",1.80780461955179,3.03256380509638
"363","BS355",2018,"Tanoak",24,202.274215793782,470,33,"sober_chalk","0","1",1.03748717974014,19.3457403750616
"364","BS355",2018,"Tanoak",24,202.274215793782,470,33,"sober_chalk","0","1",1.03748717974014,19.3457403750616
"365","BS355",2018,"Redwood",17,219122.515799812,470,33,"sober_chalk","0","1",1.03748717974014,19.3457403750616
"366","BS355",2018,"Redwood",17,219122.515799812,470,33,"sober_chalk","0","1",1.03748717974014,19.3457403750616
"367","BS355",2023,"Tanoak",32,2296.96576382462,470,33,"sober_chalk","0","1",0.822141953607664,21.1287889753927
"368","BS355",2023,"Tanoak",32,2296.96576382462,470,33,"sober_chalk","0","1",0.822141953607664,21.1287889753927
"369","BS355",2023,"Redwood",12,242620.16653681,470,33,"sober_chalk","0","1",0.822141953607664,21.1287889753927
"370","BS355",2023,"Redwood",12,242620.16653681,470,33,"sober_chalk","0","1",0.822141953607664,21.1287889753927
"371","BS360",2014,"Tanoak",3,19572.6886256698,935,26,"sober_chalk","0","1",49.3296411917701,68.7301246794431
"372","BS373",2022,"Bay laurel",19,1443.03519451968,780,25,"chalk","1","1",38.5682066741435,38.5682066741435
"373","BS379",2009,"Bay laurel",1,4930.96559118254,740,37,"chalk","1","1",98.3702611788024,98.3702611788024
"374","BS383",2009,"Bay laurel",19,3379.76381210965,419,13,"dolan","1","0",45.6313251843916,45.6313251843916
"375","BS383",2011,"Bay laurel",120,60370.8172674847,419,13,"dolan","1","0",48.6174487215924,48.6174487215924
"376","BS383",2014,"Bay laurel",120,62723.6556460225,419,13,"dolan","1","0",52.7665039772678,53.6013044384206
"377","BS383",2019,"Bay laurel",119,63454.3064280286,419,13,"dolan","1","0",89.1514801059168,89.9862805670696
"378","BS383",2021,"Bay laurel",12,36.6142067042386,419,13,"dolan","1","1",8.52439757342664,8.60518624002295
"379","BS390",2018,"Tanoak",43,90239.760788459,328,27,"sober_chalk","1","1",6.48092665488621,6.48092665488621
"380","BS390",2022,"Tanoak",44,65010.4968410189,328,27,"sober_chalk","1","1",32.762452104685,32.762452104685
"381","BS390",2022,"Redwood",2,14.2726320851639,328,27,"sober_chalk","1","1",32.762452104685,32.762452104685
"382","BS407",2009,"Tanoak",111,2520.02522406229,680,24,"dolan","0","0",4.59127867257016,52.4215090907382
"383","BS407",2009,"Redwood",40,575214.416093391,680,24,"dolan","0","0",4.59127867257016,52.4215090907382
"384","BS407",2010,"Tanoak",130,3227.84204840707,680,24,"dolan","0","0",38.5801902423434,86.5092603996879
"385","BS407",2010,"Redwood",49,1707319.05183941,680,24,"dolan","0","0",38.5801902423434,86.5092603996879
"386","BS407",2013,"Tanoak",163,6221.89805176334,680,24,"dolan","0","0",31.5253080318251,38.8655735873577
"387","BS407",2013,"Redwood",53,1724219.71302918,680,24,"dolan","0","0",31.5253080318251,38.8655735873577
"388","BS407",2018,"Tanoak",189,12450.6417708583,680,24,"dolan","1","0",27.0022274309672,71.7753231985621
"389","BS407",2018,"Redwood",62,1746534.32274235,680,24,"dolan","1","0",27.0022274309672,71.7753231985621
"390","BS415",2011,"Tanoak",17,547.698137933725,491,25,"dolan","0","0",1.59180154060293,1.59180154060293
"391","BS415",2011,"Bay laurel",21,1074.15680744203,491,25,"dolan","0","0",1.59180154060293,1.59180154060293
"392","BS415",2014,"Tanoak",17,1158.60993271366,491,25,"dolan","1","0",49.3405059757843,49.3405059757843
"393","BS415",2014,"Bay laurel",21,2003.26459918588,491,25,"dolan","1","0",49.3405059757843,49.3405059757843
"394","BS415",2019,"Tanoak",16,944.899311833125,491,25,"dolan","1","0",35.4675065110533,35.4675065110533
"395","BS415",2019,"Bay laurel",19,2981.07233635073,491,25,"dolan","1","0",35.4675065110533,35.4675065110533
"396","BS415",2021,"Bay laurel",1,4.12512347632583,491,25,"dolan","1","1",44.4967542873723,44.4967542873723
"397","BS423",2021,"Redwood",18,302302.917589718,106,41,"dolan_chalk","0","1",4.88575502482522,14.1332229381706
"398","BS426",2010,"Tanoak",4,148439.082173309,226,34,"dolan_chalk","0","1",2.09577777797389,2.09577777797389
"399","BS426",2010,"Redwood",17,188679.075434067,226,34,"dolan_chalk","0","1",2.09577777797389,2.09577777797389
"400","BS426",2013,"Tanoak",109,112327.68178724,226,34,"dolan_chalk","0","1",20.7328502100548,20.7328502100548
"401","BS426",2013,"Redwood",33,195931.10149053,226,34,"dolan_chalk","0","1",20.7328502100548,20.7328502100548
"402","BS426",2013,"Bay laurel",3,8.34704104453308,226,34,"dolan_chalk","0","1",20.7328502100548,20.7328502100548
"403","BS426",2018,"Tanoak",146,114415.316943008,226,34,"dolan_chalk","0","1",11.8106592934685,11.8106592934685
"404","BS426",2018,"Redwood",36,204497.358211615,226,34,"dolan_chalk","0","1",11.8106592934685,11.8106592934685
"405","BS426",2018,"Bay laurel",4,22.0414693830991,226,34,"dolan_chalk","0","1",11.8106592934685,11.8106592934685
"406","BS426",2021,"Tanoak",1,72.1663304437288,226,34,"dolan_chalk","0","1",4.88575502482522,4.88575502482522
"407","BS426",2021,"Redwood",8,211771.780893102,226,34,"dolan_chalk","0","1",4.88575502482522,4.88575502482522
"408","BS427",2019,"Tanoak",18,164.985891238013,517,32,"sober","1","1",17.8217721781941,60.3210687181715
"409","BS427",2019,"Tanoak",18,164.985891238013,517,32,"sober","1","1",17.8217721781941,60.3210687181715
"410","BS427",2023,"Tanoak",13,740.869277049899,517,32,"sober","1","1",17.8217721781941,71.768397160702
"411","BS427",2023,"Tanoak",13,740.869277049899,517,32,"sober","1","1",17.8217721781941,71.768397160702
"412","BS429",2009,"Tanoak",6,2221.99317014695,351,35,"sober","1","0",14.7473690409052,14.7473690409052
"413","BS429",2009,"Redwood",1,5.16229944592037,351,35,"sober","1","0",14.7473690409052,14.7473690409052
"414","BS429",2010,"Tanoak",40,491290.996517492,351,35,"sober","1","0",31.7473723116,31.7473723116
"415","BS429",2010,"Redwood",3,160.294934793697,351,35,"sober","1","0",31.7473723116,31.7473723116
"416","BS429",2010,"Bay laurel",2,1322.08418975031,351,35,"sober","1","0",31.7473723116,31.7473723116
"417","BS429",2013,"Tanoak",49,480030.896313124,351,35,"sober","1","0",31.923542191661,31.923542191661
"418","BS429",2013,"Redwood",5,288.6778829374,351,35,"sober","1","0",31.923542191661,31.923542191661
"419","BS429",2013,"Bay laurel",2,1926.49710184539,351,35,"sober","1","0",31.923542191661,31.923542191661
"420","BS429",2018,"Tanoak",1,1074.89981363593,351,35,"sober","1","1",84.4262906817941,84.4262906817941
"421","BS429",2018,"Redwood",3,860.980838621938,351,35,"sober","1","1",84.4262906817941,84.4262906817941
"422","BS429",2022,"Tanoak",31,2450.85005752847,351,35,"sober","1","1",80.9780033094598,88.2099209236418
"423","BS429",2022,"Redwood",5,2891.54325395199,351,35,"sober","1","1",80.9780033094598,88.2099209236418
"424","BS429",2022,"Bay laurel",5,441.516619148984,351,35,"sober","1","1",80.9780033094598,88.2099209236418
"425","BS433",2018,"Tanoak",8,243804.136664766,350,34,"sober_chalk","1","1",6.11163424846919,73.4221862986938
"426","BS433",2018,"Redwood",4,62834.8417167879,350,34,"sober_chalk","1","1",6.11163424846919,73.4221862986938
"427","BS433",2022,"Tanoak",24,175095.530180503,350,34,"sober_chalk","1","1",29.2318679067548,96.5424199569794
"428","BS433",2022,"Redwood",3,69359.6754171349,350,34,"sober_chalk","1","1",29.2318679067548,96.5424199569794
"429","BS457",2009,"Redwood",1,8806.27378322719,443,34,"chalk","1","1",20.1712896678777,55.9428584777081
"430","BS457",2010,"Tanoak",3,11491.9926677323,443,34,"chalk","1","1",22.6737939724131,62.3976992432757
"431","BS457",2010,"Redwood",6,920091.161232343,443,34,"chalk","1","1",22.6737939724131,62.3976992432757
"432","BS457",2013,"Tanoak",3,9.52272929518353,443,34,"chalk","1","1",37.634050835225,77.6039800472815
"433","BS457",2013,"Redwood",9,972113.020623027,443,34,"chalk","1","1",37.634050835225,77.6039800472815
"434","BS457",2018,"Tanoak",57,675.920120392127,443,34,"chalk","1","1",30.0701199770277,69.9153413605989
"435","BS457",2018,"Redwood",28,979053.80668072,443,34,"chalk","1","1",30.0701199770277,69.9153413605989
"436","BS457",2022,"Tanoak",28,1181.66745145765,443,34,"chalk","1","1",25.6671977429529,41.0249722669271
"437","BS457",2022,"Redwood",11,885247.06710785,443,34,"chalk","1","1",25.6671977429529,41.0249722669271
"438","BS458",2011,"Bay laurel",44,339.495095402838,834,33,"dolan_chalk","1","1",0.269339461076299,0.269339461076299
"439","BS458",2011,"Bay laurel",44,339.495095402838,834,33,"dolan_chalk","1","1",0.269339461076299,0.269339461076299
"440","BS458",2014,"Bay laurel",51,1164.70895623593,834,33,"dolan_chalk","1","1",2.1360848775129,2.1360848775129
"441","BS458",2019,"Bay laurel",50,2493.23747433735,834,33,"dolan_chalk","1","1",1.64286971026751,1.64286971026751
"442","BS458",2021,"Bay laurel",2,6.88157543488622,834,33,"dolan_chalk","1","1",26.3463311079461,26.3463311079461
"443","BS458",2021,"Bay laurel",2,6.88157543488622,834,33,"dolan_chalk","1","1",26.3463311079461,26.3463311079461
"444","BS494",2010,"Tanoak",29,330.407031657408,442,32,"control","1","0",10.8372195286747,11.4896814513003
"445","BS494",2010,"Redwood",12,363995.553165877,442,32,"control","1","0",10.8372195286747,11.4896814513003
"446","BS494",2010,"Bay laurel",8,7306.99364347052,442,32,"control","1","0",10.8372195286747,11.4896814513003
"447","BS494",2013,"Tanoak",38,889.67280685925,442,32,"control","1","0",10.8372195286747,11.4896814513003
"448","BS494",2013,"Redwood",13,386445.654511663,442,32,"control","1","0",10.8372195286747,11.4896814513003
"449","BS494",2013,"Bay laurel",9,7244.64463589009,442,32,"control","1","0",10.8372195286747,11.4896814513003
"450","BS494",2018,"Tanoak",49,1640.00934706406,442,32,"control","1","0",9.71319648871668,10.3656584113423
"451","BS494",2018,"Redwood",30,393064.200210726,442,32,"control","1","0",9.71319648871668,10.3656584113423
"452","BS494",2018,"Bay laurel",9,6917.40837288523,442,32,"control","1","0",9.71319648871668,10.3656584113423
"453","BS494",2022,"Tanoak",28,2229.72560120848,442,32,"control","1","0",10.4442623939508,11.0967243165764
"454","BS494",2022,"Redwood",34,381671.770999685,442,32,"control","1","0",10.4442623939508,11.0967243165764
"455","BS494",2022,"Bay laurel",8,7224.73970650994,442,32,"control","1","0",10.4442623939508,11.0967243165764
"456","BS499",2011,"Tanoak",37,1721.63644846853,808,36,"control","0","0",2.51256356698795,2.51256356698795
"457","BS499",2014,"Tanoak",31,1694.70145730328,808,36,"control","0","0",2.51256356698795,2.51256356698795
"458","BS499",2019,"Tanoak",29,1861.85164446607,808,36,"control","1","0",1.58388989916997,1.58388989916997
"459","BS499",2022,"Tanoak",22,1878.47254406469,808,36,"control","1","0",1.58388989916997,1.58388989916997
"460","BS513",2009,"Redwood",1,11.4294996228899,310,33,"dolan","0","0",10.2148000636165,13.855805922956
"461","BS513",2009,"Bay laurel",1,2.19006729913306,310,33,"dolan","0","0",10.2148000636165,13.855805922956
"462","BS513",2011,"Redwood",2,30.4279576030837,310,33,"dolan","1","0",10.2148000636165,13.7667875805147
"463","BS513",2011,"Bay laurel",56,124456.58663434,310,33,"dolan","1","0",10.2148000636165,13.7667875805147
"464","BS513",2014,"Redwood",2,65.2116191321175,310,33,"dolan","1","0",10.9810964378767,18.41102611307
"465","BS513",2014,"Bay laurel",64,125613.828183778,310,33,"dolan","1","0",10.9810964378767,18.41102611307
"466","BS513",2019,"Redwood",3,175.750394291556,310,33,"dolan","1","0",38.7911833615881,44.8737828794272
"467","BS513",2019,"Bay laurel",72,119091.178519515,310,33,"dolan","1","0",38.7911833615881,44.8737828794272
"468","BS520",2011,"Bay laurel",18,35392.5309979904,88,28,"control","1","0",3.65443337809004,3.65443337809004
"469","BS520",2014,"Bay laurel",19,36596.152782639,88,28,"control","1","0",8.52975227739131,9.75711719287476
"470","BS520",2022,"Bay laurel",15,33075.7610481351,88,28,"control","1","0",11.6474532749609,14.2773506369293
"471","BS521",2018,"Tanoak",324,13176.6133095572,549,35,"chalk","1","1",73.3451641326358,79.8332540888854
"472","BS521",2022,"Tanoak",164,19908.1938174947,549,35,"chalk","1","1",47.1803609865549,53.3762647597477
"473","BS600",2023,"Tanoak",19,22839.4295075582,549,32,"sober","1","1",36.4306316831077,36.4306316831077
"474","BS600",2023,"Redwood",9,920971.244975962,549,32,"sober","1","1",36.4306316831077,36.4306316831077
"475","BS601",2009,"Tanoak",2,5.56312272723358,603,25,"sober","1","0",35.4156954544224,35.4156954544224
"476","BS601",2010,"Tanoak",23,53934.5074702893,603,25,"sober","1","0",23.4208679227163,23.4208679227163
"477","BS601",2010,"Redwood",13,572818.567894019,603,25,"sober","1","0",23.4208679227163,23.4208679227163
"478","BS601",2013,"Tanoak",22,4901.40063266933,603,25,"sober","1","0",38.2590507860205,38.5391089929724
"479","BS601",2013,"Redwood",12,595390.80133209,603,25,"sober","1","0",38.2590507860205,38.5391089929724
"480","BS603",2009,"Tanoak",27,30654.2021410186,491,31,"sober","1","0",33.5171382807484,181.040041634565
"481","BS603",2010,"Tanoak",90,152361.884114724,491,31,"sober","1","0",35.3552353887669,181.865547061281
"482","BS603",2010,"Redwood",9,108664.874594127,491,31,"sober","1","0",35.3552353887669,181.865547061281
"483","BS603",2010,"Bay laurel",4,2512.73460423167,491,31,"sober","1","0",35.3552353887669,181.865547061281
"484","BS603",2013,"Tanoak",86,48977.7618411876,491,31,"sober","1","0",61.113575021431,203.218527649674
"485","BS603",2013,"Redwood",8,120577.693753495,491,31,"sober","1","0",61.113575021431,203.218527649674
"486","BS603",2013,"Bay laurel",4,2899.39489184068,491,31,"sober","1","0",61.113575021431,203.218527649674
"487","BS603",2018,"Redwood",38,106034.869589857,491,31,"sober","1","1",6.74459145527969,6.74459145527969
"488","BS603",2018,"Bay laurel",14,80.0094985508368,491,31,"sober","1","1",6.74459145527969,6.74459145527969
"489","BS603",2022,"Tanoak",35,819.949722603588,491,31,"sober","1","1",18.7632071875965,24.0183778394202
"490","BS603",2022,"Tanoak",35,819.949722603588,491,31,"sober","1","1",18.7632071875965,24.0183778394202
"491","BS603",2022,"Redwood",10,110747.465686634,491,31,"sober","1","1",18.7632071875965,24.0183778394202
"492","BS603",2022,"Redwood",10,110747.465686634,491,31,"sober","1","1",18.7632071875965,24.0183778394202
"493","BS603",2022,"Bay laurel",8,388.026704922209,491,31,"sober","1","1",18.7632071875965,24.0183778394202
"494","BS603",2022,"Bay laurel",8,388.026704922209,491,31,"sober","1","1",18.7632071875965,24.0183778394202
"495","BS604",2018,"Tanoak",7,26.602436222536,550,33,"sober","1","1",3.14754333258357,3.14754333258357
"496","BS604",2018,"Redwood",87,536599.537986566,550,33,"sober","1","1",3.14754333258357,3.14754333258357
"497","BS611",2009,"Tanoak",3,23.7064706626223,378,35,"dolan_chalk","1","1",4.38525129575533,4.38525129575533
"498","BS611",2009,"Redwood",11,22.1332146052663,378,35,"dolan_chalk","1","1",4.38525129575533,4.38525129575533
"499","BS611",2010,"Tanoak",17,29765.3018272661,378,35,"dolan_chalk","1","1",13.7464706487296,13.7464706487296
"500","BS611",2010,"Redwood",65,139124.708407846,378,35,"dolan_chalk","1","1",13.7464706487296,13.7464706487296
"501","BS611",2013,"Tanoak",61,28443.3694019211,378,35,"dolan_chalk","1","1",16.653478257474,19.4067157934608
"502","BS611",2013,"Redwood",80,140224.647347931,378,35,"dolan_chalk","1","1",16.653478257474,19.4067157934608
"503","BS611",2013,"Bay laurel",1,10.3079790156517,378,35,"dolan_chalk","1","1",16.653478257474,19.4067157934608
"504","BS611",2018,"Tanoak",119,4769.29585718685,378,35,"dolan_chalk","1","1",16.7605731413617,19.2389468886892
"505","BS611",2018,"Redwood",71,153359.110231147,378,35,"dolan_chalk","1","1",16.7605731413617,19.2389468886892
"506","BS611",2018,"Bay laurel",5,50.0518007013102,378,35,"dolan_chalk","1","1",16.7605731413617,19.2389468886892
"507","BS611",2021,"Tanoak",5,1740.9228432709,378,35,"dolan_chalk","1","1",3.14754188432188,4.49505741839577
"508","BS611",2021,"Redwood",3,148175.654222638,378,35,"dolan_chalk","1","1",3.14754188432188,4.49505741839577
"509","BS613",2018,"Tanoak",66,8053.90380602564,291,40,"dolan_chalk","1","1",21.8407384706239,25.913565317494
"510","BS613",2018,"Redwood",13,371490.738610507,291,40,"dolan_chalk","1","1",21.8407384706239,25.913565317494
"511","BS613",2021,"Redwood",17,361744.012338057,291,40,"dolan_chalk","1","1",1.65956306802135,1.65956306802135
"512","BS629",2009,"Redwood",8,210674.874966784,373,30,"chalk","1","1",6.67119262210844,6.67119262210844
"513","BS629",2018,"Tanoak",81,2089.11576589825,373,30,"chalk","1","1",39.4303921430712,39.4303921430712
"514","BS629",2018,"Redwood",88,671259.839538711,373,30,"chalk","1","1",39.4303921430712,39.4303921430712
"515","BS632",2009,"Redwood",3,5.81120490461893,499,19,"sober_chalk","0","1",8.50453067218252,122.329655283994
"516","BS632",2018,"Tanoak",4,14.2242026053606,499,19,"sober_chalk","0","1",6.73195507113387,28.6370795868094
"517","BS632",2018,"Redwood",37,1278634.88737262,499,19,"sober_chalk","0","1",6.73195507113387,28.6370795868094
"518","BS632",2023,"Tanoak",33,704.427735101056,499,19,"sober_chalk","0","1",6.52709577769087,8.25452097109746
"519","BS632",2023,"Redwood",33,1328020.37239566,499,19,"sober_chalk","0","1",6.52709577769087,8.25452097109746
"520","BS633",2011,"Tanoak",2,12997.9371995278,639,33,"sober_chalk","1","1",0.340984091387379,0.340984091387379
"521","BS633",2014,"Tanoak",57,15417.0648506891,639,33,"sober_chalk","1","1",0.272603389861093,0.272603389861093
"522","BS633",2019,"Tanoak",20,695.365327106946,639,33,"sober_chalk","1","1",32.5028516048441,32.5028516048441
"523","BS633",2023,"Tanoak",34,3704.25826116121,639,33,"sober_chalk","1","1",29.9912730285438,29.9912730285438
