"","Plot","SampleYear","Elevation","Slope","BurnScar","PRam","Fire","HostCwdMass","PlotCwdMass","DeadHostBiomass"
"1","BS002",2022,359,33,"control",1,0,20.7741178367837,20.7741178367837,95101.682049662
"2","BS020",2011,386,23,"control",0,0,5.47437437417606,5.6317213551141,NA
"3","BS020",2014,386,23,"control",0,0,5.88505233244723,6.04239931338526,NA
"4","BS020",2019,386,23,"control",1,0,11.5909638456515,11.7483108265896,NA
"5","BS020",2022,386,23,"control",1,0,8.91883596482407,9.07618294576211,29146.0447273111
"6","BS027",2009,244,41,"control",0,0,5.48935064976784,14.4249456656243,NA
"7","BS027",2010,244,41,"control",0,0,5.48935064976784,14.2228146918208,53918.6511708826
"8","BS027",2013,244,41,"control",1,0,5.48935064976784,16.4755571504476,50043.4967432039
"9","BS027",2018,244,41,"control",1,0,64.2302545461694,75.057134098081,33983.4778061848
"10","BS027",2022,244,41,"control",1,0,77.0489290124971,85.3141110244281,76.5899916614138
"11","BS044",2011,700,35,"dolan_chalk",0,1,1.5709172352116,1.5709172352116,NA
"12","BS044",2014,700,35,"dolan_chalk",0,1,1.08282543536504,1.08282543536504,1917.98438953674
"13","BS044",2019,700,35,"dolan_chalk",1,1,1.08282543536504,1.08282543536504,3256.84675531633
"14","BS044",2021,700,35,"dolan_chalk",1,1,8.41667908347057,8.41667908347057,121.547845891835
"15","BS045",2009,478,39,"dolan_chalk",0,1,31.7424674364818,31.7424674364818,NA
"16","BS046",2011,575,36,"dolan_chalk",0,1,0.3225774419,0.3225774419,NA
"17","BS046",2014,575,36,"dolan_chalk",0,1,29.8023260690682,29.8023260690682,NA
"18","BS046",2019,575,36,"dolan_chalk",1,1,32.5040971234432,32.9358506545896,NA
"19","BS046",2021,575,36,"dolan_chalk",1,1,45.2192817526586,45.2192817526586,4.9394846462993
"20","BS047",2009,679,33,"dolan_chalk",0,1,0.262875314010467,0.262875314010467,NA
"21","BS047",2011,679,33,"dolan_chalk",0,1,0.262875314010467,0.262875314010467,13.2898599150113
"22","BS047",2014,679,33,"dolan_chalk",0,1,63.5541589347087,63.5541589347087,NA
"23","BS047",2019,679,33,"dolan_chalk",0,1,55.0748980214625,55.0748980214625,NA
"24","BS050",2009,670,18,"dolan_chalk",0,1,2.43214892875411,91.0104338045905,NA
"25","BS052",2013,541,32,"dolan_chalk",0,1,15.8172058663442,42.8205163573943,2307.06714849196
"26","BS052",2018,541,32,"dolan_chalk",0,1,22.0087221043244,48.2311607305414,118.346599603387
"27","BS053",2013,317,38,"dolan_chalk",0,1,1.64890965504608,262.770583512307,NA
"28","BS053",2018,317,38,"dolan_chalk",1,1,1.64890965504608,273.454733975738,NA
"29","BS057",2011,592,31,"dolan_chalk",0,1,18.2246989659321,18.4497565318747,NA
"30","BS057",2014,592,31,"dolan_chalk",0,1,13.8650769229231,15.2414243531033,98098.2823084665
"31","BS057",2019,592,31,"dolan_chalk",1,1,12.4469922879265,13.6124435007292,NA
"32","BS058",2018,744,25,"dolan",0,0,20.0098402879045,27.3852012942245,1419.73078678226
"33","BS060",2021,638,30,"dolan",0,1,4.21875122035516,4.21875122035516,50727.3064498306
"34","BS062",2011,604,15,"dolan",1,0,4.72198940332977,8.77419291435062,NA
"35","BS062",2014,604,15,"dolan",1,0,5.07622476148966,8.95953063962206,NA
"36","BS062",2019,604,15,"dolan",1,0,6.36168475023928,10.2449906283717,50688.7229753989
"37","BS066",2014,720,27,"dolan_chalk",0,1,15.9278606405842,15.9278606405842,14102.7934231074
"38","BS066",2019,720,27,"dolan_chalk",1,1,31.8643417757975,31.8643417757975,61208.8736762753
"39","BS066",2021,720,27,"dolan_chalk",1,1,28.2757026888599,28.2757026888599,176541.481135186
"40","BS071",2021,700,30,"dolan",0,1,23.8308433733841,23.8308433733841,216627.034110229
"41","BS073",2011,601,10,"dolan",1,0,2.31997798857592,21.8143084968919,5835.00065900349
"42","BS073",2014,601,10,"dolan",1,0,2.31997798857592,22.9137775696086,9843.41318986908
"43","BS073",2019,601,10,"dolan",1,0,2.31997798857592,19.8806926844972,NA
"44","BS073",2021,601,10,"dolan",1,1,0.657235228621226,0.657235228621226,9807.66561385873
"45","BS078",2023,605,27,"sober",1,1,3.45730095630054,21.760154549212,20446.9162843263
"46","BS081",2018,308,23,"sober",1,1,30.0555961218739,30.3543963522236,79185.637272925
"47","BS081",2023,308,23,"sober",1,1,32.0355575203222,43.8515249422475,NA
"48","BS084",2010,432,36,"sober",1,0,9.13282474107188,9.13282474107188,75174.6691124206
"49","BS084",2013,432,36,"sober",1,0,17.4404522743583,17.4404522743583,77017.2513143299
"50","BS084",2018,432,36,"sober",1,1,10.1698905203025,10.1698905203025,1134.17553681668
"51","BS084",2022,432,36,"sober",1,1,1.43100637389599,2.70765240008464,NA
"52","BS085",2011,505,30,"sober",1,0,13.621035331426,47.8644330873768,215079.716258567
"53","BS085",2014,505,30,"sober",1,0,22.7750570845957,57.0184548405464,187741.794837723
"54","BS085",2019,505,30,"sober",1,1,2.09491743262808,5.43738096411949,22100.9796887013
"55","BS085",2022,505,30,"sober",1,1,3.53014834635844,6.87261187784984,NA
"56","BS086",2018,578,28,"sober",1,1,3.28281304994149,3.28281304994149,2294.23213355051
"57","BS086",2018,578,28,"sober",1,1,3.28281304994149,3.28281304994149,2294.23213355051
"58","BS086",2023,578,28,"sober",1,1,2.66996509640927,4.29095093780433,NA
"59","BS094",2009,771,27,"sober",1,0,5.16773849501796,6.19049387111521,NA
"60","BS098",2018,478,39,"sober",1,1,1.1176861613468,17.3155911688418,74797.839149716
"61","BS098",2023,478,39,"sober",1,1,30.6124487737935,46.8103537812885,10257.79939999
"62","BS122",2019,742,29,"sober",1,1,1.9349864846222,5.88379344715246,3222.08965344134
"63","BS122",2019,742,29,"sober",1,1,1.9349864846222,5.88379344715246,3222.08965344134
"64","BS126",2009,297,30,"control",1,0,0.942757982003521,0.942757982003521,NA
"65","BS126",2011,297,30,"control",1,0,0.87696928526443,0.87696928526443,NA
"66","BS126",2014,297,30,"control",1,0,0.87696928526443,0.87696928526443,NA
"67","BS132",2019,538,30,"sober_chalk",1,1,23.9168937615048,28.8836337007718,7229.4808824805
"68","BS132",2019,538,30,"sober_chalk",1,1,23.9168937615048,28.8836337007718,7229.4808824805
"69","BS132",2022,538,30,"sober_chalk",1,1,22.4027104503463,26.0538851422814,34347.2494614412
"70","BS132",2022,538,30,"sober_chalk",1,1,22.4027104503463,26.0538851422814,34347.2494614412
"71","BS132",2022,538,30,"sober_chalk",1,1,22.4027104503463,26.0538851422814,34347.2494614412
"72","BS134",2023,513,27,"sober",1,1,1.9949708340597,3.17762021089248,NA
"73","BS138",2009,291,26,"control",1,0,8.66301379206493,8.66301379206493,NA
"74","BS140",2013,293,15,"sober",1,0,4.5890763146368,4.5890763146368,56215.3705373148
"75","BS140",2018,293,15,"sober",1,1,7.90420643620094,99.4741710226665,1199.96819646201
"76","BS140",2022,293,15,"sober",1,1,5.34136818419219,99.7752083702444,1748.16644503736
"77","BS141",2009,276,40,"sober",1,0,21.4543852960858,21.4543852960858,11.8639948705242
"78","BS141",2011,276,40,"sober",1,0,41.918151434954,41.918151434954,338660.18167225
"79","BS141",2014,276,40,"sober",1,0,43.1679431796769,43.1679431796769,309210.406227875
"80","BS146",2009,704,35,"sober",1,0,1.77908086380498,1.77908086380498,2221.91075022728
"81","BS146",2011,704,35,"sober",1,0,17.6682185122125,17.6682185122125,21925.1164405611
"82","BS146",2014,704,35,"sober",1,0,26.5149816245995,26.5149816245995,9105.2086119685
"83","BS147",2009,399,36,"sober",1,0,3.15403773956401,52.9124809024231,16.594369359942
"84","BS147",2010,399,36,"sober",1,0,3.15900907050968,52.9174522333687,20932.5443020316
"85","BS147",2013,399,36,"sober",1,0,10.8434362876659,61.5164945480983,18942.2585215006
"86","BS147",2018,399,36,"sober",1,1,3.84103544187457,12.733386686427,2062.24463366591
"87","BS147",2022,399,36,"sober",1,1,2.43922524662687,36.9487797433225,NA
"88","BS148",2019,870,28,"sober",1,1,0.963562277404629,1.81914533347208,89988.271152464
"89","BS148",2019,870,28,"sober",1,1,0.963562277404629,1.81914533347208,89988.271152464
"90","BS148",2023,870,28,"sober",1,1,1.42859910534918,40.742427539893,NA
"91","BS148",2023,870,28,"sober",1,1,1.42859910534918,40.742427539893,NA
"92","BS158",2009,635,13,"sober_chalk",0,1,5.42432335879858,61.6271863945137,101.651264364063
"93","BS158",2011,635,13,"sober_chalk",0,1,7.90630594469032,64.1091689804054,23409.1403590201
"94","BS158",2014,635,13,"sober_chalk",0,1,7.3911351438814,63.5939981795965,21402.0917194052
"95","BS158",2019,635,13,"sober_chalk",1,1,18.9388309078541,23.44163531375,58289.6106915811
"96","BS158",2022,635,13,"sober_chalk",1,1,18.9388309078541,26.7166264408257,NA
"97","BS159",2009,250,28,"sober",1,0,24.8170252433394,40.8188031523675,NA
"98","BS159",2018,250,28,"sober",1,1,5.01338383460233,5.01338383460233,107538.956328409
"99","BS159",2023,250,28,"sober",1,1,59.5905188023172,85.2342469867595,70580.6692224861
"100","BS160",2013,386,38,"sober_chalk",0,1,12.0257392900829,13.3643773392288,18155.5878591139
"101","BS160",2018,386,38,"sober_chalk",0,1,9.06708203502367,123.089571311346,2319.09307283779
"102","BS160",2022,386,38,"sober_chalk",0,1,9.06708203502367,123.089571311346,NA
"103","BS165",2009,287,10,"sober_chalk",0,1,13.5509957974693,28.6014065551974,16.0657301007665
"104","BS165",2010,287,10,"sober_chalk",0,1,13.79168996421,30.372532901243,5040.99260645165
"105","BS165",2013,287,10,"sober_chalk",0,1,7.79235153426256,25.107732196427,3049.72355740799
"106","BS165",2018,287,10,"sober_chalk",0,1,1.4945060671723,20.9602892195724,67957.5933790769
"107","BS165",2022,287,10,"sober_chalk",0,1,65.8077199785792,83.0544842095666,158500.263935326
"108","BS166",2023,352,25,"sober_chalk",0,1,5.2976863309336,5.2976863309336,51614.9722885429
"109","BS168",2009,317,35,"sober_chalk",1,1,16.2967700247636,26.6896395900137,NA
"110","BS168",2018,317,35,"sober_chalk",1,1,90.5693298689205,102.800998389219,2989.04973916801
"111","BS168",2023,317,35,"sober_chalk",1,1,80.5524529765795,92.7841214968779,NA
"112","BS175",2009,511,25,"sober_chalk",1,1,4.7147872661406,4.7147872661406,NA
"113","BS175",2011,511,25,"sober_chalk",1,1,4.7147872661406,10.9049882837307,30370.3452143005
"114","BS175",2014,511,25,"sober_chalk",1,1,6.05219222411855,29.6643573278288,22387.1771086106
"115","BS188",2009,259,28,"control",1,0,0.578927194733275,0.578927194733275,NA
"116","BS188",2011,259,28,"control",1,0,48.6111647461429,48.6111647461429,9124.50831886461
"117","BS188",2014,259,28,"control",1,0,55.3839905573396,55.3839905573396,2408.72058043237
"118","BS193",2009,413,27,"sober_chalk",1,1,23.4819290907756,23.4819290907756,NA
"119","BS194",2009,417,38,"sober_chalk",1,1,19.3408241058116,21.3440684695849,4.9394846462993
"120","BS194",2011,417,38,"sober_chalk",1,1,19.3408241058116,23.6645573975058,1913.14301807598
"121","BS194",2014,417,38,"sober_chalk",1,1,16.0928842914317,32.3032307281496,1949.89467791329
"122","BS194",2022,417,38,"sober_chalk",1,1,0.291896278855606,4.05485131223561,52.9618946615428
"123","BS195",2009,579,42,"sober_chalk",1,1,4.44046637764144,4.44046637764144,NA
"124","BS195",2011,579,42,"sober_chalk",1,1,3.75306431251076,3.75306431251076,140706.035617387
"125","BS195",2014,579,42,"sober_chalk",1,1,20.6540572991883,24.4681136823769,121366.91596248
"126","BS195",2019,579,42,"sober_chalk",1,1,0.3334845502422,0.3334845502422,2108.32583583719
"127","BS196",2023,646,30,"sober_chalk",1,1,27.746799134185,31.156377277409,65053.02646773
"128","BS202",2009,770,37,"sober_chalk",0,1,1.54616941765933,1.54616941765933,NA
"129","BS202",2011,770,37,"sober_chalk",1,1,1.54616941765933,1.54616941765933,63328.5194269784
"130","BS202",2014,770,37,"sober_chalk",1,1,1.54616941765933,2.3181601940669,62927.3294787678
"131","BS202",2019,770,37,"sober_chalk",1,1,1.16247797256404,5.15654693929829,49.5356092793874
"132","BS202",2023,770,37,"sober_chalk",1,1,1.39794799640999,5.39201696314424,NA
"133","BS217",2009,127,30,"sober_chalk",1,1,1.50932597284051,1.50932597284051,16.594369359942
"134","BS217",2011,127,30,"sober_chalk",1,1,1.73770332585815,1.73770332585815,6313.92200206199
"135","BS217",2014,127,30,"sober_chalk",1,1,1.73770332585815,1.73770332585815,7104.98919382383
"136","BS220",2009,231,40,"sober_chalk",1,1,9.71530641887778,10.2899637333344,283.326941260302
"137","BS221",2009,435,30,"sober_chalk",1,1,16.2353731133277,16.2353731133277,157.484629319973
"138","BS221",2010,435,30,"sober_chalk",1,1,16.6153897388914,16.6153897388914,130155.845680965
"139","BS221",2013,435,30,"sober_chalk",1,1,42.1623803642042,42.1623803642042,106219.960297844
"140","BS221",2013,435,30,"sober_chalk",1,1,42.1623803642042,42.1623803642042,106219.960297844
"141","BS221",2018,435,30,"sober_chalk",1,1,0.582087318428453,0.582087318428453,10896.2323428
"142","BS221",2023,435,30,"sober_chalk",1,1,0.460728249423417,0.460728249423417,2300.0057226853
"143","BS222",2009,416,37,"sober_chalk",1,1,117.668111203885,162.05746633148,1053.05904774532
"144","BS224",2009,435,31,"sober_chalk",1,1,1.43441733105435,1.43441733105435,10.1069222188897
"145","BS224",2009,435,31,"sober_chalk",1,1,1.43441733105435,1.43441733105435,10.1069222188897
"146","BS224",2010,435,31,"sober_chalk",1,1,1.34620749061167,1.34620749061167,163064.948585672
"147","BS224",2013,435,31,"sober_chalk",1,1,2.45371030870568,2.45371030870568,163448.315048976
"148","BS224",2018,435,31,"sober_chalk",1,1,1.27069484069235,1.27069484069235,74097.6369164567
"149","BS224",2022,435,31,"sober_chalk",1,1,3.31315437671229,3.31315437671229,12236.7432585358
"150","BS226",2009,474,38,"sober_chalk",1,1,14.5463942803746,28.3209469853047,106596.92503641
"151","BS226",2018,474,38,"sober_chalk",1,1,10.4812699897335,76.3299273219247,4444.80415006077
"152","BS226",2023,474,38,"sober_chalk",1,1,3.23589204353654,81.2397771810962,287.592616890845
"153","BS233",2009,687,38,"chalk",1,1,3.91204177262049,3.91204177262049,NA
"154","BS233",2011,687,38,"chalk",1,1,2.89884145120909,3.36853627674863,66418.0809587931
"155","BS233",2014,687,38,"chalk",1,1,5.32653226061965,25.4281166840575,78144.9042694716
"156","BS233",2019,687,38,"chalk",1,1,8.17742109410122,33.1348031900514,129.354489516965
"157","BS233",2022,687,38,"chalk",1,1,9.92647788556268,37.7653471558257,NA
"158","BS234",2009,555,20,"sober_chalk",1,1,10.1642873867477,10.1642873867477,262.127337424342
"159","BS239",2018,88,35,"control",1,0,0.437690995149947,1.14549704003952,NA
"160","BS241",2023,361,39,"sober_chalk",1,1,28.9650803046562,28.9650803046562,34025.592140839
"161","BS242",2013,403,39,"sober_chalk",1,1,5.80233492323876,5.80233492323876,42586.7134993911
"162","BS242",2018,403,39,"sober_chalk",1,1,37.6863508157729,37.6863508157729,407.039744315327
"163","BS242",2022,403,39,"sober_chalk",1,1,79.0324539601867,79.0324539601867,NA
"164","BS244",2023,357,35,"sober_chalk",0,1,0.810085175056937,155.772940644786,NA
"165","BS245",2009,443,20,"sober_chalk",1,1,81.6710328562563,81.6710328562563,2518.27578639691
"166","BS245",2023,443,20,"sober_chalk",1,1,5.78169772006151,5.78169772006151,116117.720330886
"167","BS251",2011,866,18,"sober_chalk",0,1,1.0394095037659,1.0394095037659,63075.4903964269
"168","BS251",2014,866,18,"sober_chalk",0,1,2.67154667229287,2.67154667229287,51906.5382598672
"169","BS251",2019,866,18,"sober_chalk",0,1,8.73629439211924,8.73629439211924,9892.74510104211
"170","BS251",2022,866,18,"sober_chalk",0,1,8.39094160343418,8.39094160343418,NA
"171","BS272",2011,624,32,"chalk",1,1,17.6840888103732,17.6840888103732,46808.7385273181
"172","BS272",2014,624,32,"chalk",1,1,16.0195378038906,16.0195378038906,34139.3850809169
"173","BS272",2019,624,32,"chalk",1,1,22.3445962013412,28.7728333642781,32673.6549505839
"174","BS272",2022,624,32,"chalk",1,1,22.2609433988373,30.834721195406,1007.59126582274
"175","BS273",2011,283,41,"chalk",1,1,0.161603676645778,0.161603676645778,13410.8571189743
"176","BS273",2014,283,41,"chalk",1,1,6.39287115567404,6.39287115567404,36505.3098355297
"177","BS273",2014,283,41,"chalk",1,1,6.39287115567404,6.39287115567404,36505.3098355297
"178","BS273",2019,283,41,"chalk",1,1,8.18231381367074,8.18231381367074,580.06444329431
"179","BS273",2022,283,41,"chalk",1,1,8.22273466374032,8.22273466374032,127.332862531655
"180","BS276",2009,357,22,"chalk",1,1,6.48153401336663,6.48153401336663,3.39050607085258
"181","BS276",2023,357,22,"chalk",1,1,5.49522753013924,5.49522753013924,26644.0449259789
"182","BS276",2023,357,22,"chalk",1,1,5.49522753013924,5.49522753013924,26644.0449259789
"183","BS277",2021,262,44,"dolan_chalk",1,1,4.94017936771524,4.94017936771524,2063.37787330323
"184","BS278",2021,384,41,"dolan_chalk",1,1,21.5883738107206,24.5875485564133,5427.68140646459
"185","BS283",2010,606,33,"chalk",1,1,17.6843614039984,17.6843614039984,22710.3310710093
"186","BS283",2013,606,33,"chalk",1,1,53.8385928335319,55.0822294375067,91415.5343601035
"187","BS283",2018,606,33,"chalk",1,1,44.0799670038224,45.3236036077972,18497.5684017582
"188","BS283",2022,606,33,"chalk",1,1,40.4559241105742,41.699560714549,24163.3863055969
"189","BS296",2009,590,40,"dolan_chalk",0,1,5.92918334975079,5.92918334975079,NA
"190","BS296",2021,590,40,"dolan_chalk",0,1,14.5539448151676,18.5064231521146,12706.9292213813
"191","BS297",2009,618,30,"dolan_chalk",1,1,28.1331414802331,28.1331414802331,NA
"192","BS297",2010,618,30,"dolan_chalk",1,1,28.1331414802331,28.1331414802331,105406.365601394
"193","BS297",2013,618,30,"dolan_chalk",1,1,28.7910802386889,35.1464826437279,94628.7093963114
"194","BS297",2018,618,30,"dolan_chalk",1,1,89.3429763655838,99.4248690521224,29959.6060763376
"195","BS301",2010,510,27,"dolan_chalk",1,1,1.14286619896759,1.14286619896759,72470.386382103
"196","BS301",2013,510,27,"dolan_chalk",1,1,7.335685978113,8.75733667709128,138992.070433922
"197","BS301",2018,510,27,"dolan_chalk",1,1,48.6429297517568,57.6619190781243,41876.5755504381
"198","BS312",2019,583,26,"control",1,0,18.4108619189913,23.0369318772541,188687.164735262
"199","BS312",2022,583,26,"control",1,0,21.9710210246808,26.8963975878039,NA
"200","BS313",2010,581,20,"control",1,0,13.5784615098832,299.56948480844,13818.7662039622
"201","BS313",2013,581,20,"control",1,0,3.11131718662099,304.146327486077,12905.788143621
"202","BS313",2018,581,20,"control",1,0,19.3330470746718,321.526942985355,542.429288859776
"203","BS313",2022,581,20,"control",1,0,35.8497707705485,338.043666681232,10821.4500820361
"204","BS316",2011,576,27,"control",1,0,7.31489657391881,7.31489657391881,22194.1746188956
"205","BS316",2014,576,27,"control",1,0,5.74066279856311,5.74066279856311,42219.3913820524
"206","BS316",2019,576,27,"control",1,0,9.23513726990267,11.3266819799585,18.4110579829544
"207","BS316",2022,576,27,"control",1,0,27.5464358123754,29.42917547178,25388.0513539774
"208","BS326",2009,720,39,"control",1,0,0.699222545342522,3.35004755989549,8587.53638594635
"209","BS326",2011,720,39,"control",1,0,0.943614147851053,4.18892315361908,10329.5992058216
"210","BS326",2014,720,39,"control",1,0,0.943614147851053,4.18892315361908,11245.6136377265
"211","BS328",2009,433,23,"control",0,0,0.382905420774068,0.634660590274929,381.739480133407
"212","BS328",2011,433,23,"control",1,0,2.38452307262624,2.38452307262624,7447.12808255257
"213","BS328",2014,433,23,"control",1,0,7.34800103081579,7.34800103081579,44390.2559313737
"214","BS328",2019,433,23,"control",1,0,10.4558781337602,10.4558781337602,285440.760814383
"215","BS328",2022,433,23,"control",1,0,38.4090268903848,38.4090268903848,57943.5034861975
"216","BS355",2013,470,33,"sober_chalk",0,1,1.80780461955179,3.03256380509638,28688.0985836821
"217","BS355",2013,470,33,"sober_chalk",0,1,1.80780461955179,3.03256380509638,28688.0985836821
"218","BS355",2018,470,33,"sober_chalk",0,1,1.03748717974014,19.3457403750616,10570.1402830032
"219","BS355",2018,470,33,"sober_chalk",0,1,1.03748717974014,19.3457403750616,10570.1402830032
"220","BS355",2023,470,33,"sober_chalk",0,1,0.822141953607664,21.1287889753927,NA
"221","BS355",2023,470,33,"sober_chalk",0,1,0.822141953607664,21.1287889753927,NA
"222","BS360",2014,935,26,"sober_chalk",0,1,48.919787287188,68.7301246794431,2764.06636557
"223","BS373",2009,780,25,"chalk",1,1,12.3211110743052,14.1201538699075,NA
"224","BS373",2022,780,25,"chalk",1,1,32.5662619707047,38.5682066741435,16007.9464718763
"225","BS379",2009,740,37,"chalk",1,1,98.3702611788024,98.3702611788024,NA
"226","BS383",2009,419,13,"dolan",1,0,45.6313251843916,45.6313251843916,NA
"227","BS383",2011,419,13,"dolan",1,0,48.6174487215924,48.6174487215924,50693.8752882506
"228","BS383",2014,419,13,"dolan",1,0,52.7665039772678,53.6013044384206,70086.9161883717
"229","BS383",2019,419,13,"dolan",1,0,89.1514801059168,89.9862805670696,NA
"230","BS383",2021,419,13,"dolan",1,1,8.52439757342664,8.60518624002295,97018.0513357917
"231","BS390",2018,328,27,"sober_chalk",1,1,5.63528224444343,6.48092665488621,114264.362476138
"232","BS390",2022,328,27,"sober_chalk",1,1,31.9168076942422,32.762452104685,24954.8687589843
"233","BS407",2009,680,24,"dolan",0,0,4.59127867257016,52.4215090907382,862.592640907628
"234","BS407",2010,680,24,"dolan",0,0,38.5801902423434,86.5092603996879,64392.1248166769
"235","BS407",2013,680,24,"dolan",0,0,31.5253080318251,38.8655735873577,54297.5748353948
"236","BS407",2018,680,24,"dolan",1,0,27.0022274309672,71.7753231985621,219.016302769474
"237","BS415",2011,491,25,"dolan",0,0,1.59180154060293,1.59180154060293,2810.34152810238
"238","BS415",2014,491,25,"dolan",1,0,49.3405059757843,49.3405059757843,2567.36091306408
"239","BS415",2019,491,25,"dolan",1,0,35.4675065110533,35.4675065110533,58823.8986950986
"240","BS415",2021,491,25,"dolan",1,1,44.4967542873723,44.4967542873723,4223.83400819246
"241","BS423",2021,106,41,"dolan_chalk",0,1,4.88575502482522,14.1332229381706,NA
"242","BS426",2009,226,34,"dolan_chalk",0,1,3.90596177192913,3.90596177192913,100.967411584816
"243","BS426",2010,226,34,"dolan_chalk",0,1,2.09577777797389,2.09577777797389,9314.28059275336
"244","BS426",2013,226,34,"dolan_chalk",0,1,20.7328502100548,20.7328502100548,9439.26066688114
"245","BS426",2018,226,34,"dolan_chalk",0,1,11.8106592934685,11.8106592934685,229.865164840073
"246","BS426",2021,226,34,"dolan_chalk",0,1,4.88575502482522,4.88575502482522,115812.099162578
"247","BS427",2019,517,32,"sober",1,1,13.9843830407787,60.3210687181715,17915.7710392811
"248","BS427",2019,517,32,"sober",1,1,13.9843830407787,60.3210687181715,17915.7710392811
"249","BS427",2023,517,32,"sober",1,1,13.9843830407787,71.768397160702,NA
"250","BS427",2023,517,32,"sober",1,1,13.9843830407787,71.768397160702,NA
"251","BS429",2009,351,35,"sober",1,0,14.7473690409052,14.7473690409052,NA
"252","BS429",2010,351,35,"sober",1,0,31.7473723116,31.7473723116,101288.117323674
"253","BS429",2013,351,35,"sober",1,0,31.923542191661,31.923542191661,114725.599613719
"254","BS429",2018,351,35,"sober",1,1,84.4262906817941,84.4262906817941,201863.542638566
"255","BS429",2022,351,35,"sober",1,1,80.9780033094598,88.2099209236418,NA
"256","BS433",2018,350,34,"sober_chalk",1,1,6.11163424846919,73.4221862986938,13829.7891858015
"257","BS433",2022,350,34,"sober_chalk",1,1,29.2318679067548,96.5424199569794,9196.63831226565
"258","BS457",2009,443,34,"chalk",1,1,20.1712896678777,55.9428584777081,NA
"259","BS457",2010,443,34,"chalk",1,1,22.6737939724131,62.3976992432757,50342.3713609457
"260","BS457",2013,443,34,"chalk",1,1,37.634050835225,77.6039800472815,56559.8387502697
"261","BS457",2018,443,34,"chalk",1,1,30.0701199770277,69.9153413605989,10361.9228490586
"262","BS457",2022,443,34,"chalk",1,1,25.6671977429529,41.0249722669271,70.3040655239797
"263","BS458",2009,834,33,"dolan_chalk",1,1,0.269339461076299,0.269339461076299,NA
"264","BS458",2009,834,33,"dolan_chalk",1,1,0.269339461076299,0.269339461076299,NA
"265","BS458",2011,834,33,"dolan_chalk",1,1,0.269339461076299,0.269339461076299,1714.3995924743
"266","BS458",2011,834,33,"dolan_chalk",1,1,0.269339461076299,0.269339461076299,1714.3995924743
"267","BS458",2014,834,33,"dolan_chalk",1,1,2.1360848775129,2.1360848775129,1717.18853962626
"268","BS458",2019,834,33,"dolan_chalk",1,1,1.64286971026751,1.64286971026751,54862.0775483165
"269","BS458",2021,834,33,"dolan_chalk",1,1,26.3463311079461,26.3463311079461,87653.243265912
"270","BS458",2021,834,33,"dolan_chalk",1,1,26.3463311079461,26.3463311079461,87653.243265912
"271","BS494",2010,442,32,"control",1,0,10.8372195286747,11.4896814513003,2855.20841288259
"272","BS494",2013,442,32,"control",1,0,10.8372195286747,11.4896814513003,2185.53337871344
"273","BS494",2018,442,32,"control",1,0,9.71319648871668,10.3656584113423,723.842559688544
"274","BS494",2022,442,32,"control",1,0,10.4442623939508,11.0967243165764,926.110444892205
"275","BS513",2009,310,33,"dolan",0,0,10.2148000636165,13.855805922956,NA
"276","BS513",2011,310,33,"dolan",1,0,10.2148000636165,13.7667875805147,33402.3215852264
"277","BS513",2014,310,33,"dolan",1,0,10.9810964378767,18.41102611307,26180.9225161375
"278","BS513",2019,310,33,"dolan",1,0,38.7911833615881,44.8737828794272,39821.9948590232
"279","BS520",2011,88,28,"control",1,0,3.65443337809004,3.65443337809004,108987.657714545
"280","BS520",2014,88,28,"control",1,0,8.52975227739131,9.75711719287476,79238.430660855
"281","BS520",2022,88,28,"control",1,0,11.6474532749609,14.2773506369293,NA
"282","BS521",2009,549,35,"chalk",1,1,1.71485411094788,4.01783721308639,66.2362467105847
"283","BS521",2018,549,35,"chalk",1,1,73.3451641326358,79.8332540888854,43333.4504988119
"284","BS521",2022,549,35,"chalk",1,1,47.1803609865549,53.3762647597477,4029.68672113598
"285","BS600",2023,549,32,"sober",1,1,32.2810700564156,36.4306316831077,91240.4115974299
"286","BS601",2009,603,25,"sober",1,0,2.96321220561779,35.4156954544224,NA
"287","BS601",2010,603,25,"sober",1,0,2.96321220561779,23.4208679227163,NA
"288","BS601",2013,603,25,"sober",1,0,17.801395068922,38.5391089929724,47646.8978686086
"289","BS603",2009,491,31,"sober",1,0,33.5171382807484,181.040041634565,149.791836637518
"290","BS603",2010,491,31,"sober",1,0,35.3552353887669,181.865547061281,18548.9011988791
"291","BS603",2013,491,31,"sober",1,0,61.113575021431,203.218527649674,117564.130819528
"292","BS603",2018,491,31,"sober",1,1,6.74459145527969,6.74459145527969,3320.87430144225
"293","BS603",2022,491,31,"sober",1,1,18.7632071875965,24.0183778394202,NA
"294","BS603",2022,491,31,"sober",1,1,18.7632071875965,24.0183778394202,NA
"295","BS604",2018,550,33,"sober",1,1,3.14754333258357,3.14754333258357,12511.3793613428
"296","BS611",2009,378,35,"dolan_chalk",1,1,4.38525129575533,4.38525129575533,7.51260895993954
"297","BS611",2010,378,35,"dolan_chalk",1,1,13.7464706487296,13.7464706487296,40812.9285737308
"298","BS611",2013,378,35,"dolan_chalk",1,1,16.653478257474,19.4067157934608,10142.5076311631
"299","BS611",2018,378,35,"dolan_chalk",1,1,16.7605731413617,19.2389468886892,31768.6264548232
"300","BS611",2021,378,35,"dolan_chalk",1,1,3.14754188432188,4.49505741839577,5133.00941925519
"301","BS613",2018,291,40,"dolan_chalk",1,1,21.8407384706239,25.913565317494,7870.57490854603
"302","BS613",2021,291,40,"dolan_chalk",1,1,1.65956306802135,1.65956306802135,2810.65593743589
"303","BS627",2009,119,28,"chalk",1,1,6.75124633590063,15.0435021343715,111.773056696453
"304","BS629",2009,373,30,"chalk",1,1,6.67119262210844,6.67119262210844,2.172616656381
"305","BS629",2018,373,30,"chalk",1,1,39.4303921430712,39.4303921430712,264.268280857029
"306","BS632",2009,499,19,"sober_chalk",0,1,8.50453067218252,122.329655283994,2190.32682403474
"307","BS632",2018,499,19,"sober_chalk",0,1,6.73195507113387,28.6370795868094,3110.19050751929
"308","BS632",2023,499,19,"sober_chalk",0,1,6.52709577769087,8.25452097109746,6.84289667539749
"309","BS633",2019,639,33,"sober_chalk",1,1,2.98457633888401,32.5028516048441,15448.6650879203
"310","BS633",2023,639,33,"sober_chalk",1,1,2.64979521680266,29.9912730285438,NA
