Plot,SampleYear,Species,DecayClass,VolumePlot,Density,MassPlot
BS048,2021,ARME,1,4.597973275,0.4566966,2.099878762
BS085,2019,ARME,1,0.170568846,0.4566966,0.077898212
BS085,2022,ARME,1,0.170568846,0.4566966,0.077898212
BS086,2023,ARME,1,0.177468569,0.4566966,0.081049292
BS149,2023,ARME,1,2.784020505,0.4566966,1.271452699
BS150,2014,ARME,1,4.24309337,0.4566966,1.937806316
BS158,2019,ARME,1,0.27537599,0.4566966,0.125763278
BS158,2022,ARME,1,0.633928159,0.4566966,0.289512835
BS165,2013,ARME,1,0.080418567,0.4566966,0.036726886
BS175,2011,ARME,1,0.677714813,0.4566966,0.309510051
BS175,2014,ARME,1,2.432008425,0.4566966,1.110689979
BS272,2019,ARME,1,0.457101731,0.4566966,0.208756806
BS272,2022,ARME,1,0.457101731,0.4566966,0.208756806
BS306,2019,ARME,1,0.608386107,0.4566966,0.277847867
BS373,2022,ARME,1,0.657104159,0.4566966,0.300097235
BS390,2018,ARME,1,0.092582736,0.4566966,0.042282221
BS390,2022,ARME,1,0.092582736,0.4566966,0.042282221
BS427,2019,ARME,1,0.420124557,0.4566966,0.191869457
BS427,2023,ARME,1,0.420124557,0.4566966,0.191869457
BS438,2022,ARME,1,0.034557519,0.4566966,0.015782301
BS600,2023,ARME,1,0.454301787,0.4566966,0.207478081
BS633,2014,ARME,1,0.02984513,0.4566966,0.013630169
BS633,2019,ARME,1,0.391790965,0.4566966,0.178929602
BS633,2023,ARME,1,0.794117811,0.4566966,0.362670904
BS048,2009,ARME,2,0.056941367,0.571255828,0.032528088
BS078,2023,ARME,2,0.19090683,0.571255828,0.109056639
BS085,2011,ARME,2,2.962796942,0.571255828,1.69251502
BS085,2014,ARME,2,2.962796942,0.571255828,1.69251502
BS158,2009,ARME,2,4.919237606,0.571255828,2.810143152
BS158,2011,ARME,2,4.919237606,0.571255828,2.810143152
BS158,2014,ARME,2,4.919237606,0.571255828,2.810143152
BS158,2019,ARME,2,0.173962237,0.571255828,0.099376942
BS158,2022,ARME,2,0.173962237,0.571255828,0.099376942
BS165,2018,ARME,2,0.942620699,0.571255828,0.538477568
BS165,2022,ARME,2,1.023039267,0.571255828,0.584417144
BS271,2009,ARME,2,0.535092083,0.571255828,0.305674471
BS306,2019,ARME,2,0.841021161,0.571255828,0.48043824
BS360,2014,ARME,2,0.035873061,0.571255828,0.020492695
BS438,2019,ARME,2,0.034557519,0.571255828,0.019741184
BS633,2011,ARME,2,0.02984513,0.571255828,0.017049204
BS633,2019,ARME,2,2.27040863,0.571255828,1.296984162
BS633,2023,ARME,2,1.758236743,0.571255828,1.004402986
BS073,2011,ARME,3,0.204776078,0.500007079,0.102389489
BS073,2014,ARME,3,0.16229664,0.500007079,0.081149469
BS078,2023,ARME,3,0.865587316,0.500007079,0.432799785
BS085,2011,ARME,3,0.039309178,0.500007079,0.019654867
BS085,2014,ARME,3,0.039309178,0.500007079,0.019654867
BS131,2009,ARME,3,0.477724402,0.500007079,0.238865583
BS131,2010,ARME,3,0.477724402,0.500007079,0.238865583
BS131,2013,ARME,3,0.477724402,0.500007079,0.238865583
BS131,2018,ARME,3,0.477724402,0.500007079,0.238865583
BS165,2018,ARME,3,0.03832743,0.500007079,0.019163986
BS306,2019,ARME,3,0.024300219,0.500007079,0.012150282
BS373,2009,ARME,3,0.179901733,0.500007079,0.08995214
BS499,2011,ARME,3,0.251252799,0.500007079,0.125628178
BS499,2014,ARME,3,0.251252799,0.500007079,0.125628178
BS601,2009,ARME,3,3.245202379,0.500007079,1.622624162
BS073,2011,ARME,4,0.146162598,0.315198458,0.046070226
BS073,2014,ARME,4,0.193679438,0.315198458,0.06104746
BS073,2019,ARME,4,0.128805299,0.315198458,0.040599232
BS499,2019,ARME,4,0.251252799,0.315198458,0.079194495
BS499,2022,ARME,4,0.251252799,0.315198458,0.079194495
BS601,2010,ARME,4,3.245202379,0.315198458,1.022882786
BS601,2013,ARME,4,3.245202379,0.315198458,1.022882786
BS027,2018,LIDE,1,2.21824751,0.581745587,1.2904557
BS027,2022,LIDE,1,1.366170182,0.581745587,0.794763474
BS052,2013,LIDE,1,1.359460752,0.581745587,0.790860293
BS052,2018,LIDE,1,1.891610577,0.581745587,1.100436105
BS058,2018,LIDE,1,1.719810234,0.581745587,1.000492014
BS066,2014,LIDE,1,1.368971334,0.581745587,0.796393032
BS066,2019,LIDE,1,2.669170229,0.581745587,1.552778002
BS066,2021,LIDE,1,2.208530682,0.581745587,1.284802978
BS081,2018,LIDE,1,1.147073036,0.581745587,0.667304677
BS081,2023,LIDE,1,1.050984479,0.581745587,0.611405583
BS084,2018,LIDE,1,0.874084028,0.581745587,0.508494526
BS085,2011,LIDE,1,0.965599093,0.581745587,0.561733011
BS085,2014,LIDE,1,0.275128118,0.581745587,0.160054569
BS094,2009,LIDE,1,0.191191242,0.581745587,0.111224661
BS098,2023,LIDE,1,2.515634559,0.581745587,1.463459303
BS134,2023,LIDE,1,0.1714642,0.581745587,0.099748542
BS140,2013,LIDE,1,0.130432605,0.581745587,0.075878592
BS140,2018,LIDE,1,0.130432605,0.581745587,0.075878592
BS141,2014,LIDE,1,1.549449794,0.581745587,0.90138558
BS146,2011,LIDE,1,0.314227124,0.581745587,0.182800243
BS146,2014,LIDE,1,0.825585888,0.581745587,0.480280947
BS147,2013,LIDE,1,0.646008152,0.581745587,0.375812392
BS148,2019,LIDE,1,0.082816466,0.581745587,0.048178114
BS148,2023,LIDE,1,0.082816466,0.581745587,0.048178114
BS158,2011,LIDE,1,0.213321995,0.581745587,0.124099129
BS159,2023,LIDE,1,4.344104393,0.581745587,2.52716356
BS160,2013,LIDE,1,1.033590934,0.581745587,0.601286965
BS160,2018,LIDE,1,0.747100892,0.581745587,0.434622647
BS160,2022,LIDE,1,0.747100892,0.581745587,0.434622647
BS165,2009,LIDE,1,1.018823406,0.581745587,0.59269602
BS165,2010,LIDE,1,1.018823406,0.581745587,0.59269602
BS165,2022,LIDE,1,5.527606513,0.581745587,3.215660696
BS166,2023,LIDE,1,0.455326731,0.581745587,0.264884316
BS168,2018,LIDE,1,6.654599353,0.581745587,3.871283807
BS168,2023,LIDE,1,2.090623136,0.581745587,1.216210783
BS195,2011,LIDE,1,0.093658731,0.581745587,0.054485553
BS195,2014,LIDE,1,1.472050533,0.581745587,0.856358901
BS220,2009,LIDE,1,0.257618452,0.581745587,0.149868398
BS222,2009,LIDE,1,9.645617041,0.581745587,5.611295147
BS241,2023,LIDE,1,1.562112454,0.581745587,0.908752027
BS242,2013,LIDE,1,0.397517343,0.581745587,0.23125396
BS242,2018,LIDE,1,3.180381937,0.581745587,1.850173157
BS242,2022,LIDE,1,6.792699053,0.581745587,3.951622698
BS273,2014,LIDE,1,0.324734652,0.581745587,0.188912951
BS273,2019,LIDE,1,0.324734652,0.581745587,0.188912951
BS273,2022,LIDE,1,0.324734652,0.581745587,0.188912951
BS278,2021,LIDE,1,1.855482387,0.581745587,1.07941869
BS283,2013,LIDE,1,3.10739198,0.581745587,1.807711571
BS283,2018,LIDE,1,0.204203522,0.581745587,0.118794498
BS296,2021,LIDE,1,1.250885708,0.581745587,0.72769724
BS297,2009,LIDE,1,2.417993545,0.581745587,1.406657074
BS297,2010,LIDE,1,2.417993545,0.581745587,1.406657074
BS297,2013,LIDE,1,2.474542212,0.581745587,1.439554012
BS297,2018,LIDE,1,3.615159014,0.581745587,2.103102803
BS301,2013,LIDE,1,0.532261861,0.581745587,0.309640989
BS301,2018,LIDE,1,0.532261861,0.581745587,0.309640989
BS313,2010,LIDE,1,1.167044651,0.581745587,0.678923076
BS313,2022,LIDE,1,1.437422171,0.581745587,0.836214005
BS328,2019,LIDE,1,0.365156896,0.581745587,0.212428413
BS328,2022,LIDE,1,2.7091075,0.581745587,1.576011333
BS355,2013,LIDE,1,0.155377596,0.581745587,0.090390231
BS355,2018,LIDE,1,0.08917018,0.581745587,0.051874359
BS360,2014,LIDE,1,4.009194272,0.581745587,2.332331075
BS390,2018,LIDE,1,0.464110781,0.581745587,0.269994399
BS390,2022,LIDE,1,2.722961217,0.581745587,1.584070672
BS407,2010,LIDE,1,2.921286584,0.581745587,1.699445579
BS423,2021,LIDE,1,0.180315637,0.581745587,0.104897826
BS426,2013,LIDE,1,1.572469225,0.581745587,0.914777032
BS426,2021,LIDE,1,0.180315637,0.581745587,0.104897826
BS427,2019,LIDE,1,1.201932886,0.581745587,0.699219152
BS427,2023,LIDE,1,1.201932886,0.581745587,0.699219152
BS429,2010,LIDE,1,1.699915785,0.581745587,0.988918506
BS429,2013,LIDE,1,1.715378623,0.581745587,0.997913944
BS429,2018,LIDE,1,0.533536327,0.581745587,0.310382404
BS429,2022,LIDE,1,0.703136542,0.581745587,0.40904658
BS433,2018,LIDE,1,0.525284109,0.581745587,0.305581712
BS433,2022,LIDE,1,2.425698811,0.581745587,1.411139579
BS457,2009,LIDE,1,1.196054392,0.581745587,0.695799364
BS457,2010,LIDE,1,0.891696896,0.581745587,0.518740734
BS457,2013,LIDE,1,2.363019718,0.581745587,1.374676293
BS494,2022,LIDE,1,0.042786096,0.581745587,0.024890623
BS521,2018,LIDE,1,4.928702086,0.581745587,2.867250688
BS521,2022,LIDE,1,2.141956642,0.581745587,1.246073824
BS600,2023,LIDE,1,2.651802847,0.581745587,1.542674604
BS603,2013,LIDE,1,2.97626634,0.581745587,1.731429809
BS603,2022,LIDE,1,1.032978677,0.581745587,0.600930787
BS611,2013,LIDE,1,0.324915293,0.581745587,0.189018038
BS613,2018,LIDE,1,1.441008966,0.581745587,0.838300607
BS629,2018,LIDE,1,3.096064968,0.581745587,1.801122132
BS632,2018,LIDE,1,0.547504751,0.581745587,0.318508473
BS632,2023,LIDE,1,0.547504751,0.581745587,0.318508473
BS027,2018,LIDE,2,3.924253704,0.460996013,1.809065312
BS027,2022,LIDE,2,2.704757651,0.460996013,1.246882493
BS045,2009,LIDE,2,3.442813662,0.460996013,1.587123372
BS053,2013,LIDE,2,0.178842073,0.460996013,0.082445483
BS053,2018,LIDE,2,0.178842073,0.460996013,0.082445483
BS066,2019,LIDE,2,0.087721121,0.460996013,0.040439087
BS078,2023,LIDE,2,0.281107728,0.460996013,0.129589542
BS081,2018,LIDE,2,0.16637266,0.460996013,0.076697133
BS081,2023,LIDE,2,0.096088557,0.460996013,0.044296442
BS084,2010,LIDE,2,0.177082742,0.460996013,0.081634438
BS084,2013,LIDE,2,0.670570435,0.460996013,0.309130297
BS084,2022,LIDE,2,0.155208107,0.460996013,0.071550319
BS085,2011,LIDE,2,0.075325099,0.460996013,0.03472457
BS085,2014,LIDE,2,1.894650582,0.460996013,0.873426364
BS094,2009,LIDE,2,0.155217139,0.460996013,0.071554482
BS098,2023,LIDE,2,0.145691359,0.460996013,0.067163136
BS140,2013,LIDE,2,0.063319094,0.460996013,0.02918985
BS141,2009,LIDE,2,0.845677472,0.460996013,0.389853943
BS141,2011,LIDE,2,3.139403081,0.460996013,1.447252304
BS141,2014,LIDE,2,0.472432703,0.460996013,0.217789592
BS146,2009,LIDE,2,0.192960548,0.460996013,0.088954043
BS146,2011,LIDE,2,1.519776014,0.460996013,0.700610683
BS146,2014,LIDE,2,1.834003138,0.460996013,0.845468134
BS147,2013,LIDE,2,0.018240872,0.460996013,0.008408969
BS148,2023,LIDE,2,0.05043827,0.460996013,0.023251841
BS158,2014,LIDE,2,0.213321995,0.460996013,0.098340589
BS158,2019,LIDE,2,1.785759804,0.460996013,0.82322815
BS158,2022,LIDE,2,1.785759804,0.460996013,0.82322815
BS159,2009,LIDE,2,0.138831495,0.460996013,0.064000766
BS159,2023,LIDE,2,0.332567349,0.460996013,0.153312222
BS160,2018,LIDE,2,0.040632574,0.460996013,0.018731455
BS160,2022,LIDE,2,0.040632574,0.460996013,0.018731455
BS165,2013,LIDE,2,0.659238675,0.460996013,0.303906401
BS168,2009,LIDE,2,0.756876429,0.460996013,0.348917016
BS168,2018,LIDE,2,0.74886097,0.460996013,0.345221921
BS168,2023,LIDE,2,5.341178789,0.460996013,2.462262126
BS194,2009,LIDE,2,2.097721408,0.460996013,0.967041205
BS194,2011,LIDE,2,2.097721408,0.460996013,0.967041205
BS195,2009,LIDE,2,0.385159259,0.460996013,0.177556883
BS195,2011,LIDE,2,0.288869444,0.460996013,0.133167662
BS195,2014,LIDE,2,0.382528175,0.460996013,0.176343964
BS220,2009,LIDE,2,0.293210733,0.460996013,0.135168979
BS221,2009,LIDE,2,1.656340913,0.460996013,0.763566557
BS221,2010,LIDE,2,1.697557823,0.460996013,0.782567388
BS221,2013,LIDE,2,3.990095085,0.460996013,1.839417926
BS221,2018,LIDE,2,0.061517921,0.460996013,0.028359516
BS221,2023,LIDE,2,0.049970958,0.460996013,0.023036412
BS222,2009,LIDE,2,0.590266304,0.460996013,0.272110413
BS224,2013,LIDE,2,0.155324955,0.460996013,0.071604185
BS224,2018,LIDE,2,0.026601436,0.460996013,0.012263156
BS226,2009,LIDE,2,1.39759141,0.460996013,0.644284068
BS242,2013,LIDE,2,0.127686106,0.460996013,0.058862786
BS244,2023,LIDE,2,0.087862493,0.460996013,0.040504259
BS276,2009,LIDE,2,0.638874282,0.460996013,0.294518497
BS277,2021,LIDE,2,0.380124857,0.460996013,0.175236044
BS283,2010,LIDE,2,1.918060125,0.460996013,0.88421807
BS283,2013,LIDE,2,1.918060125,0.460996013,0.88421807
BS283,2018,LIDE,2,2.845146552,0.460996013,1.311601217
BS283,2022,LIDE,2,1.027224693,0.460996013,0.473546488
BS296,2009,LIDE,2,0.643084016,0.460996013,0.296459167
BS297,2018,LIDE,2,5.128126814,0.460996013,2.364046015
BS301,2018,LIDE,2,1.635700531,0.460996013,0.754051423
BS313,2018,LIDE,2,0.134814851,0.460996013,0.062149109
BS313,2022,LIDE,2,0.05007895,0.460996013,0.023086196
BS316,2011,LIDE,2,0.243846495,0.460996013,0.112412262
BS316,2014,LIDE,2,0.243846495,0.460996013,0.112412262
BS316,2019,LIDE,2,0.436970013,0.460996013,0.201441434
BS328,2019,LIDE,2,0.015707963,0.460996013,0.007241308
BS328,2022,LIDE,2,0.157714391,0.460996013,0.072705705
BS355,2023,LIDE,2,0.08917018,0.460996013,0.041107097
BS407,2013,LIDE,2,2.921286584,0.460996013,1.346701468
BS426,2009,LIDE,2,0.423643769,0.460996013,0.195298088
BS426,2010,LIDE,2,0.116238928,0.460996013,0.053585682
BS426,2013,LIDE,2,0.153281742,0.460996013,0.070662272
BS426,2018,LIDE,2,0.037042814,0.460996013,0.01707659
BS429,2009,LIDE,2,1.067117893,0.460996013,0.491937094
BS429,2010,LIDE,2,0.301625253,0.460996013,0.139048039
BS429,2013,LIDE,2,0.301625253,0.460996013,0.139048039
BS429,2018,LIDE,2,7.111244767,0.460996013,3.278255485
BS429,2022,LIDE,2,3.50381542,0.460996013,1.615244939
BS433,2022,LIDE,2,0.109445234,0.460996013,0.050453817
BS457,2009,LIDE,2,0.446059033,0.460996013,0.205631436
BS457,2010,LIDE,2,0.830214946,0.460996013,0.38272578
BS457,2013,LIDE,2,0.427527563,0.460996013,0.197088502
BS457,2018,LIDE,2,1.228814057,0.460996013,0.566478381
BS457,2022,LIDE,2,0.728331526,0.460996013,0.33575793
BS494,2010,LIDE,2,0.725963943,0.460996013,0.334666483
BS494,2013,LIDE,2,0.725963943,0.460996013,0.334666483
BS494,2022,LIDE,2,0.05879098,0.460996013,0.027102407
BS521,2018,LIDE,2,1.735389235,0.460996013,0.800007518
BS521,2022,LIDE,2,2.101686215,0.460996013,0.968868966
BS600,2023,LIDE,2,0.154836261,0.460996013,0.071378899
BS601,2009,LIDE,2,0.32139239,0.460996013,0.14816061
BS601,2010,LIDE,2,0.32139239,0.460996013,0.14816061
BS601,2013,LIDE,2,1.930753691,0.460996013,0.890069754
BS603,2009,LIDE,2,3.069843547,0.460996013,1.415185636
BS603,2010,LIDE,2,3.069843547,0.460996013,1.415185636
BS603,2013,LIDE,2,0.186536933,0.460996013,0.085992782
BS603,2018,LIDE,2,0.510312457,0.460996013,0.235252008
BS603,2022,LIDE,2,0.510312457,0.460996013,0.235252008
BS604,2018,LIDE,2,0.341385093,0.460996013,0.157377167
BS611,2010,LIDE,2,0.858008224,0.460996013,0.39553837
BS611,2013,LIDE,2,0.292364466,0.460996013,0.134778853
BS611,2018,LIDE,2,1.124700066,0.460996013,0.518482246
BS611,2021,LIDE,2,0.341384936,0.460996013,0.157377094
BS613,2018,LIDE,2,0.550408918,0.460996013,0.253736317
BS613,2021,LIDE,2,0.179997551,0.460996013,0.082978153
BS627,2009,LIDE,2,0.50203436,0.460996013,0.231435838
BS629,2009,LIDE,2,0.723562941,0.460996013,0.333559631
BS629,2018,LIDE,2,0.172473437,0.460996013,0.079509567
BS632,2009,LIDE,2,0.547559965,0.460996013,0.252422961
BS633,2019,LIDE,2,0.270052404,0.460996013,0.124493082
BS633,2023,LIDE,2,0.091046183,0.460996013,0.041971927
BS027,2018,LIDE,3,0.269155951,0.383580113,0.10324287
BS027,2022,LIDE,3,1.828548296,0.383580113,0.701394762
BS081,2018,LIDE,3,0.989252953,0.383580113,0.379457759
BS081,2023,LIDE,3,2.037373997,0.383580113,0.781496148
BS084,2010,LIDE,3,0.977649222,0.383580113,0.375006799
BS084,2013,LIDE,3,1.15303354,0.383580113,0.442280736
BS085,2014,LIDE,3,0.053907217,0.383580113,0.020677736
BS085,2019,LIDE,3,0.273074302,0.383580113,0.104745872
BS086,2018,LIDE,3,0.427917525,0.383580113,0.164140653
BS086,2023,LIDE,3,0.209027605,0.383580113,0.080178832
BS098,2018,LIDE,3,0.145691359,0.383580113,0.055884308
BS122,2019,LIDE,3,0.252227164,0.383580113,0.096749324
BS140,2018,LIDE,3,0.113765866,0.383580113,0.043638324
BS140,2022,LIDE,3,0.130432605,0.383580113,0.050031353
BS141,2009,LIDE,3,1.112830658,0.383580113,0.42685971
BS141,2011,LIDE,3,0.398118329,0.383580113,0.152710274
BS141,2014,LIDE,3,1.414448214,0.383580113,0.542554206
BS147,2018,LIDE,3,0.500682297,0.383580113,0.192051772
BS159,2009,LIDE,3,3.048043878,0.383580113,1.169169015
BS159,2018,LIDE,3,0.578697075,0.383580113,0.221976689
BS159,2023,LIDE,3,0.779628943,0.383580113,0.299050158
BS165,2009,LIDE,3,0.221215247,0.383580113,0.084853769
BS165,2010,LIDE,3,0.25258994,0.383580113,0.096888478
BS165,2013,LIDE,3,0.172746363,0.383580113,0.066262069
BS165,2018,LIDE,3,0.19481016,0.383580113,0.074725303
BS165,2022,LIDE,3,0.19481016,0.383580113,0.074725303
BS168,2009,LIDE,3,1.214665384,0.383580113,0.465921485
BS168,2018,LIDE,3,0.813287121,0.383580113,0.311960766
BS168,2023,LIDE,3,0.668085478,0.383580113,0.256264303
BS194,2014,LIDE,3,2.097721408,0.383580113,0.804644215
BS195,2009,LIDE,3,0.115924769,0.383580113,0.044466436
BS195,2019,LIDE,3,0.04347,0.383580113,0.016674228
BS221,2009,LIDE,3,0.125663706,0.383580113,0.048202099
BS221,2010,LIDE,3,0.125663706,0.383580113,0.048202099
BS221,2013,LIDE,3,0.700508403,0.383580113,0.268701092
BS221,2018,LIDE,3,0.001941836,0.383580113,0.00074485
BS224,2009,LIDE,3,0.186977542,0.383580113,0.071720867
BS224,2010,LIDE,3,0.175479313,0.383580113,0.067310375
BS224,2013,LIDE,3,0.133169913,0.383580113,0.05108133
BS224,2018,LIDE,3,0.133665913,0.383580113,0.051271586
BS224,2022,LIDE,3,0.431872543,0.383580113,0.165657719
BS226,2009,LIDE,3,0.216475369,0.383580113,0.083035647
BS226,2018,LIDE,3,1.121063627,0.383580113,0.430017713
BS226,2023,LIDE,3,0.176622336,0.383580113,0.067748816
BS241,2023,LIDE,3,1.406491031,0.383580113,0.539501989
BS242,2018,LIDE,3,0.089015,0.383580113,0.034144384
BS273,2019,LIDE,3,0.233255401,0.383580113,0.089472133
BS273,2022,LIDE,3,0.233255401,0.383580113,0.089472133
BS276,2023,LIDE,3,0.716307669,0.383580113,0.274761377
BS277,2021,LIDE,3,0.187113258,0.383580113,0.071772925
BS283,2018,LIDE,3,2.016795473,0.383580113,0.773602635
BS283,2022,LIDE,3,4.038920854,0.383580113,1.549249718
BS313,2018,LIDE,3,2.078503147,0.383580113,0.797272472
BS313,2022,LIDE,3,2.078503147,0.383580113,0.797272472
BS328,2009,LIDE,3,0.049912053,0.383580113,0.019145271
BS328,2011,LIDE,3,0.049912053,0.383580113,0.019145271
BS328,2014,LIDE,3,0.049912053,0.383580113,0.019145271
BS328,2019,LIDE,3,0.049912053,0.383580113,0.019145271
BS328,2022,LIDE,3,0.228990689,0.383580113,0.087836274
BS360,2014,LIDE,3,0.296309129,0.383580113,0.113658289
BS407,2018,LIDE,3,2.921286584,0.383580113,1.120547438
BS423,2021,LIDE,3,0.363391949,0.383580113,0.139389925
BS426,2010,LIDE,3,0.133487646,0.383580113,0.051203206
BS426,2013,LIDE,3,0.133487646,0.383580113,0.051203206
BS426,2018,LIDE,3,1.495010705,0.383580113,0.573456375
BS426,2021,LIDE,3,0.363391949,0.383580113,0.139389925
BS429,2009,LIDE,3,0.225185434,0.383580113,0.086376654
BS429,2010,LIDE,3,0.843719239,0.383580113,0.323633921
BS429,2013,LIDE,3,0.843719239,0.383580113,0.323633921
BS429,2018,LIDE,3,1.649398975,0.383580113,0.632676645
BS429,2022,LIDE,3,5.278189817,0.383580113,2.024608646
BS457,2009,LIDE,3,0.279299368,0.383580113,0.107133683
BS457,2010,LIDE,3,0.519690111,0.383580113,0.199342792
BS457,2013,LIDE,3,0.808013075,0.383580113,0.309937747
BS457,2018,LIDE,3,2.442847234,0.383580113,0.937027618
BS457,2022,LIDE,3,2.207554982,0.383580113,0.846774189
BS494,2010,LIDE,3,0.040251656,0.383580113,0.015439735
BS494,2013,LIDE,3,0.040251656,0.383580113,0.015439735
BS494,2018,LIDE,3,0.766215599,0.383580113,0.293905066
BS494,2022,LIDE,3,0.725963943,0.383580113,0.278465331
BS521,2022,LIDE,3,0.375606697,0.383580113,0.144075259
BS603,2009,LIDE,3,0.344067227,0.383580113,0.131977346
BS603,2010,LIDE,3,0.344067227,0.383580113,0.131977346
BS603,2013,LIDE,3,2.434552683,0.383580113,0.933845993
BS603,2018,LIDE,3,0.265857278,0.383580113,0.101977565
BS603,2022,LIDE,3,0.265857278,0.383580113,0.101977565
BS611,2010,LIDE,3,0.546754931,0.383580113,0.209724318
BS611,2013,LIDE,3,1.112398689,0.383580113,0.426694015
BS611,2018,LIDE,3,0.35633122,0.383580113,0.13668157
BS629,2018,LIDE,3,0.203080403,0.383580113,0.077897604
BS633,2019,LIDE,3,0.064486491,0.383580113,0.024735736
BS633,2023,LIDE,3,0.064486491,0.383580113,0.024735736
BS027,2009,LIDE,4,1.126759694,0.243590123,0.274467532
BS027,2010,LIDE,4,1.126759694,0.243590123,0.274467532
BS027,2013,LIDE,4,1.126759694,0.243590123,0.274467532
BS027,2018,LIDE,4,0.035916258,0.243590123,0.008748846
BS027,2022,LIDE,4,4.554395341,0.243590123,1.109405721
BS078,2023,LIDE,4,0.177657065,0.243590123,0.043275506
BS081,2018,LIDE,4,1.557206969,0.243590123,0.379320237
BS081,2023,LIDE,4,0.626858585,0.243590123,0.15269656
BS084,2013,LIDE,4,0.495141509,0.243590123,0.120611581
BS085,2011,LIDE,4,0.237237369,0.243590123,0.05778868
BS085,2014,LIDE,4,0.237237369,0.243590123,0.05778868
BS086,2023,LIDE,4,0.21888992,0.243590123,0.053319423
BS094,2009,LIDE,4,0.310389354,0.243590123,0.075607781
BS141,2009,LIDE,4,1.050968771,0.243590123,0.256005612
BS141,2011,LIDE,4,1.689689901,0.243590123,0.411591771
BS141,2014,LIDE,4,0.903207888,0.243590123,0.220012521
BS147,2009,LIDE,4,0.270471493,0.243590123,0.065884184
BS147,2022,LIDE,4,0.500682297,0.243590123,0.121961262
BS159,2018,LIDE,4,0.11779009,0.243590123,0.028692503
BS165,2013,LIDE,4,0.079843577,0.243590123,0.019449107
BS168,2023,LIDE,4,0.381318563,0.243590123,0.092885436
BS220,2009,LIDE,4,0.824039753,0.243590123,0.200727945
BS226,2018,LIDE,4,0.386082102,0.243590123,0.094045787
BS226,2023,LIDE,4,0.386082102,0.243590123,0.094045787
BS239,2018,LIDE,4,0.089841696,0.243590123,0.02188455
BS276,2009,LIDE,4,0.121344016,0.243590123,0.029558204
BS313,2022,LIDE,4,0.084735901,0.243590123,0.020640829
BS316,2019,LIDE,4,0.243846495,0.243590123,0.059398598
BS383,2009,LIDE,4,3.088359348,0.243590123,0.752293833
BS383,2011,LIDE,4,3.088359348,0.243590123,0.752293833
BS383,2014,LIDE,4,3.088359348,0.243590123,0.752293833
BS383,2019,LIDE,4,3.088359348,0.243590123,0.752293833
BS390,2018,LIDE,4,0.048317695,0.243590123,0.011769713
BS390,2022,LIDE,4,0.048317695,0.243590123,0.011769713
BS407,2009,LIDE,4,0.942418891,0.243590123,0.229563934
BS407,2010,LIDE,4,0.942418891,0.243590123,0.229563934
BS407,2013,LIDE,4,0.942418891,0.243590123,0.229563934
BS407,2018,LIDE,4,0.942418891,0.243590123,0.229563934
BS429,2009,LIDE,4,0.652960398,0.243590123,0.159054704
BS429,2010,LIDE,4,0.059670625,0.243590123,0.014535175
BS429,2013,LIDE,4,0.26308875,0.243590123,0.064085821
BS457,2010,LIDE,4,0.134982455,0.243590123,0.032880393
BS457,2022,LIDE,4,0.413923878,0.243590123,0.100827768
BS521,2009,LIDE,4,0.351995822,0.243590123,0.085742706
BS603,2009,LIDE,4,0.528321637,0.243590123,0.128693933
BS603,2010,LIDE,4,0.487952171,0.243590123,0.118860329
BS603,2013,LIDE,4,0.832019398,0.243590123,0.202671707
BS611,2009,LIDE,4,0.900129127,0.243590123,0.219262565
BS611,2010,LIDE,4,0.336880834,0.243590123,0.082060844
BS611,2013,LIDE,4,0.203952195,0.243590123,0.04968074
BS611,2018,LIDE,4,0.750707127,0.243590123,0.182864841
BS627,2009,LIDE,4,0.123296163,0.243590123,0.030033728
BS629,2018,LIDE,4,0.053328535,0.243590123,0.012990304
BS632,2009,LIDE,4,0.709403037,0.243590123,0.172803573
BS632,2018,LIDE,4,0.074261142,0.243590123,0.018089281
BS632,2023,LIDE,4,0.032211142,0.243590123,0.007846316
BS633,2023,LIDE,4,0.270052404,0.243590123,0.065782098
BS050,2009,LIDE,5,0.497353387,0.244509135,0.121607446
BS081,2023,LIDE,5,0.0486,0.244509135,0.011883144
BS141,2011,LIDE,5,0.34499007,0.244509135,0.084353224
BS141,2014,LIDE,5,1.131472083,0.244509135,0.27665526
BS147,2009,LIDE,5,0.375518497,0.244509135,0.091817703
BS147,2010,LIDE,5,0.645989989,0.244509135,0.157950453
BS147,2013,LIDE,5,0.645989989,0.244509135,0.157950453
BS159,2009,LIDE,5,0.031415927,0.244509135,0.007681481
BS194,2022,LIDE,5,0.05969026,0.244509135,0.014594814
BS429,2010,LIDE,5,0.495821861,0.244509135,0.121232974
BS429,2013,LIDE,5,0.292403736,0.244509135,0.071495385
BS603,2010,LIDE,5,0.416092669,0.244509135,0.101738459
BS603,2013,LIDE,5,0.416092669,0.244509135,0.101738459
BS611,2013,LIDE,5,0.132928639,0.244509135,0.032502267
BS627,2009,LIDE,5,0.311206168,0.244509135,0.076092751
BS048,2021,PSME,1,0.054992951,0.45986923,0.025289566
BS053,2013,PSME,1,0.678335631,0.45986923,0.311945684
BS053,2018,PSME,1,0.678335631,0.45986923,0.311945684
BS412,2022,PSME,1,0.065613144,0.45986923,0.030173466
BS048,2021,PSME,2,0.261892588,0.46772727,0.122494305
BS053,2009,PSME,2,1.700667804,0.46772727,0.795448709
BS053,2010,PSME,2,0.678335631,0.46772727,0.317276073
BS168,2009,PSME,2,1.110996753,0.46772727,0.519643478
BS053,2010,PSME,3,1.022332173,0.47825,0.488930362
BS053,2018,PSME,3,1.022332173,0.47825,0.488930362
BS053,2021,PSME,3,0.268570829,0.47825,0.128443999
BS002,2022,QUAG,1,1.670235156,0.621892006,1.038705892
BS044,2011,QUAG,1,0.126301449,0.621892006,0.078545861
BS044,2021,QUAG,1,0.676699411,0.621892006,0.420833954
BS046,2014,QUAG,1,2.396101396,0.621892006,1.490116304
BS046,2019,QUAG,1,2.443527664,0.621892006,1.519610321
BS046,2021,QUAG,1,3.635621725,0.621892006,2.260964088
BS047,2014,QUAG,1,5.088607267,0.621892006,3.164564181
BS047,2019,QUAG,1,2.894464805,0.621892006,1.800044524
BS057,2011,QUAG,1,1.46526236,0.621892006,0.911234948
BS057,2014,QUAG,1,0.337141414,0.621892006,0.20966555
BS060,2021,QUAG,1,0.339186803,0.621892006,0.210937561
BS062,2019,QUAG,1,0.103350741,0.621892006,0.064273
BS071,2021,QUAG,1,1.915995313,0.621892006,1.191542169
BS073,2021,QUAG,1,0.052841588,0.621892006,0.032861761
BS085,2022,QUAG,1,0.283823261,0.621892006,0.176507417
BS132,2019,QUAG,1,1.922913748,0.621892006,1.195844688
BS132,2022,QUAG,1,1.531094941,0.621892006,0.952175704
BS140,2018,QUAG,1,0.303565108,0.621892006,0.188784714
BS158,2019,QUAG,1,0.198930673,0.621892006,0.123713395
BS158,2022,QUAG,1,0.198930673,0.621892006,0.123713395
BS175,2014,QUAG,1,0.056941367,0.621892006,0.035411381
BS188,2014,QUAG,1,0.106821494,0.621892006,0.066431433
BS193,2009,QUAG,1,1.344012607,0.621892006,0.835830696
BS202,2019,QUAG,1,0.09346301,0.621892006,0.058123899
BS202,2023,QUAG,1,0.09346301,0.621892006,0.058123899
BS233,2009,QUAG,1,0.314527421,0.621892006,0.195602089
BS233,2019,QUAG,1,0.06707909,0.621892006,0.04171595
BS233,2022,QUAG,1,0.094483399,0.621892006,0.058758471
BS234,2009,QUAG,1,0.817206789,0.621892006,0.508214369
BS245,2009,QUAG,1,6.566335639,0.621892006,4.083551643
BS245,2023,QUAG,1,0.464847406,0.621892006,0.289084886
BS251,2011,QUAG,1,0.083568328,0.621892006,0.051970475
BS251,2014,QUAG,1,0.025233429,0.621892006,0.015692468
BS251,2019,QUAG,1,0.702396422,0.621892006,0.43681472
BS251,2022,QUAG,1,0.674630122,0.621892006,0.41954708
BS272,2011,QUAG,1,1.298887988,0.621892006,0.807768056
BS272,2019,QUAG,1,0.436809988,0.621892006,0.27164864
BS272,2022,QUAG,1,0.524932526,0.621892006,0.326451342
BS301,2018,QUAG,1,1.076765174,0.621892006,0.669631654
BS312,2019,QUAG,1,1.480229826,0.621892006,0.920543096
BS312,2022,QUAG,1,1.627039082,0.621892006,1.011842599
BS313,2013,QUAG,1,0.250149315,0.621892006,0.155565859
BS316,2011,QUAG,1,0.407357812,0.621892006,0.253332567
BS316,2019,QUAG,1,0.042283795,0.621892006,0.026295954
BS316,2022,QUAG,1,1.627473211,0.621892006,1.01211258
BS326,2011,QUAG,1,0.0758664,0.621892006,0.047180708
BS326,2014,QUAG,1,0.0758664,0.621892006,0.047180708
BS328,2014,QUAG,1,0.399062692,0.621892006,0.248173898
BS373,2022,QUAG,1,1.631997497,0.621892006,1.014926197
BS383,2011,QUAG,1,0.227961727,0.621892006,0.141767576
BS383,2014,QUAG,1,0.295410849,0.621892006,0.183713645
BS383,2019,QUAG,1,2.972110052,0.621892006,1.848331482
BS383,2021,QUAG,1,0.685359957,0.621892006,0.426219878
BS415,2014,QUAG,1,3.924845266,0.621892006,2.440829896
BS415,2019,QUAG,1,0.118810714,0.621892006,0.073887433
BS415,2021,QUAG,1,3.577530653,0.621892006,2.224837714
BS458,2014,QUAG,1,0.127627202,0.621892006,0.079370337
BS458,2021,QUAG,1,2.118240052,0.621892006,1.317316555
BS513,2019,QUAG,1,1.686815343,0.621892006,1.049016977
BS020,2011,QUAG,2,0.638534519,0.428667066,0.273718719
BS020,2019,QUAG,2,0.160132789,0.428667066,0.068643653
BS044,2014,QUAG,2,0.126301449,0.428667066,0.054141272
BS044,2019,QUAG,2,0.126301449,0.428667066,0.054141272
BS046,2019,QUAG,2,0.24633228,0.428667066,0.105594536
BS047,2009,QUAG,2,0.030661944,0.428667066,0.013143766
BS047,2011,QUAG,2,0.030661944,0.428667066,0.013143766
BS047,2014,QUAG,2,0.030661944,0.428667066,0.013143766
BS047,2019,QUAG,2,2.224804407,0.428667066,0.953700378
BS057,2014,QUAG,2,1.128120946,0.428667066,0.483588296
BS057,2019,QUAG,2,0.066589543,0.428667066,0.028544744
BS062,2011,QUAG,2,0.550775856,0.428667066,0.23609947
BS066,2021,QUAG,2,0.30089122,0.428667066,0.128982156
BS085,2011,QUAG,2,0.062532224,0.428667066,0.026805505
BS085,2014,QUAG,2,0.062532224,0.428667066,0.026805505
BS126,2011,QUAG,2,0.102290257,0.428667066,0.043848464
BS126,2014,QUAG,2,0.102290257,0.428667066,0.043848464
BS132,2022,QUAG,2,0.391818807,0.428667066,0.167959818
BS140,2013,QUAG,2,0.290167786,0.428667066,0.124385373
BS140,2022,QUAG,2,0.303565108,0.428667066,0.130128364
BS158,2009,QUAG,2,0.632696536,0.428667066,0.271216168
BS158,2011,QUAG,2,0.632696536,0.428667066,0.271216168
BS158,2014,QUAG,2,0.632696536,0.428667066,0.271216168
BS175,2009,QUAG,2,0.549935794,0.428667066,0.235739363
BS175,2011,QUAG,2,0.549935794,0.428667066,0.235739363
BS175,2014,QUAG,2,0.573503629,0.428667066,0.245842118
BS188,2009,QUAG,2,0.03622649,0.428667066,0.015529103
BS188,2011,QUAG,2,5.5703,0.428667066,2.387804158
BS188,2014,QUAG,2,6.037478586,0.428667066,2.588068231
BS193,2009,QUAG,2,0.443671423,0.428667066,0.190187327
BS196,2023,QUAG,2,3.236404349,0.428667066,1.387339957
BS202,2023,QUAG,2,0.027465374,0.428667066,0.011773501
BS233,2014,QUAG,2,0.62129012,0.428667066,0.266326613
BS233,2019,QUAG,2,0.62129012,0.428667066,0.266326613
BS233,2022,QUAG,2,0.78554421,0.428667066,0.336736932
BS251,2014,QUAG,2,0.275003318,0.428667066,0.117884865
BS272,2011,QUAG,2,0.178311772,0.428667066,0.076436384
BS272,2014,QUAG,2,1.868529107,0.428667066,0.80097689
BS272,2019,QUAG,2,1.246463917,0.428667066,0.53431803
BS272,2022,QUAG,2,1.108862159,0.428667066,0.475332688
BS273,2011,QUAG,2,0.018849556,0.428667066,0.008080184
BS273,2014,QUAG,2,0.304970028,0.428667066,0.130730607
BS273,2019,QUAG,2,0.304970028,0.428667066,0.130730607
BS273,2022,QUAG,2,0.242122467,0.428667066,0.103789928
BS301,2010,QUAG,2,0.058523159,0.428667066,0.025086951
BS301,2013,QUAG,2,0.058523159,0.428667066,0.025086951
BS301,2018,QUAG,2,1.579872231,0.428667066,0.677239194
BS312,2022,QUAG,2,0.202274585,0.428667066,0.086708453
BS313,2018,QUAG,2,0.250149315,0.428667066,0.107230773
BS316,2014,QUAG,2,0.407357812,0.428667066,0.174620878
BS316,2019,QUAG,2,0.407357812,0.428667066,0.174620878
BS316,2022,QUAG,2,0.398253889,0.428667066,0.170718326
BS373,2009,QUAG,2,1.437142255,0.428667066,0.616055554
BS373,2022,QUAG,2,0.946332452,0.428667066,0.405661556
BS379,2009,QUAG,2,11.47397001,0.428667066,4.91851306
BS383,2009,QUAG,2,3.567506224,0.428667066,1.529272426
BS383,2011,QUAG,2,3.524600197,0.428667066,1.510880025
BS383,2014,QUAG,2,1.644616085,0.428667066,0.704992752
BS383,2019,QUAG,2,1.507519946,0.428667066,0.646224152
BS415,2011,QUAG,2,0.145926979,0.428667066,0.06255409
BS415,2019,QUAG,2,3.924845266,0.428667066,1.682451905
BS458,2009,QUAG,2,0.031415927,0.428667066,0.013466973
BS458,2011,QUAG,2,0.031415927,0.428667066,0.013466973
BS458,2014,QUAG,2,0.063998169,0.428667066,0.027433907
BS458,2019,QUAG,2,0.191625371,0.428667066,0.082143486
BS513,2009,QUAG,2,1.191460795,0.428667066,0.510740003
BS513,2011,QUAG,2,1.191460795,0.428667066,0.510740003
BS520,2011,QUAG,2,0.355332782,0.428667066,0.152319461
BS520,2014,QUAG,2,0.58204456,0.428667066,0.249503334
BS020,2014,QUAG,3,0.638534519,0.460824917,0.294252617
BS020,2019,QUAG,3,1.108673859,0.460824917,0.510904539
BS020,2022,QUAG,3,0.701134522,0.460824917,0.323100258
BS046,2011,QUAG,3,0.035,0.460824917,0.016128872
BS057,2019,QUAG,3,1.209663858,0.460824917,0.557443247
BS062,2014,QUAG,3,0.550775856,0.460824917,0.253811238
BS062,2019,QUAG,3,0.550775856,0.460824917,0.253811238
BS073,2011,QUAG,3,0.251720111,0.460824917,0.115998899
BS073,2014,QUAG,3,0.251720111,0.460824917,0.115998899
BS073,2019,QUAG,3,0.251720111,0.460824917,0.115998899
BS126,2009,QUAG,3,0.102290257,0.460824917,0.047137899
BS138,2009,QUAG,3,0.270569667,0.460824917,0.124685244
BS140,2018,QUAG,3,0.188593734,0.460824917,0.086908692
BS140,2022,QUAG,3,0.188593734,0.460824917,0.086908692
BS175,2014,QUAG,3,0.046343224,0.460824917,0.021356112
BS188,2011,QUAG,3,0.048538078,0.460824917,0.022367556
BS188,2014,QUAG,3,0.204661979,0.460824917,0.094313339
BS193,2009,QUAG,3,0.321333387,0.460824917,0.148078431
BS202,2009,QUAG,3,0.167761048,0.460824917,0.077308471
BS202,2011,QUAG,3,0.167761048,0.460824917,0.077308471
BS202,2014,QUAG,3,0.167761048,0.460824917,0.077308471
BS217,2009,QUAG,3,0.146005519,0.460824917,0.067282981
BS217,2011,QUAG,3,0.188542683,0.460824917,0.086885166
BS217,2014,QUAG,3,0.188542683,0.460824917,0.086885166
BS233,2011,QUAG,3,0.314527421,0.460824917,0.144942073
BS233,2019,QUAG,3,0.2188,0.460824917,0.100828492
BS233,2022,QUAG,3,0.2188,0.460824917,0.100828492
BS272,2019,QUAG,3,0.675447722,0.460824917,0.31126314
BS272,2022,QUAG,3,0.675447722,0.460824917,0.31126314
BS273,2022,QUAG,3,0.062847561,0.460824917,0.028961722
BS301,2010,QUAG,3,0.06956299,0.460824917,0.032056359
BS301,2013,QUAG,3,0.06956299,0.460824917,0.032056359
BS301,2018,QUAG,3,0.030548847,0.460824917,0.01407767
BS313,2022,QUAG,3,0.250149315,0.460824917,0.115275037
BS316,2022,QUAG,3,0.422049411,0.460824917,0.194490885
BS326,2009,QUAG,3,0.0758664,0.460824917,0.034961127
BS328,2011,QUAG,3,0.217177672,0.460824917,0.100080883
BS328,2014,QUAG,3,0.217177672,0.460824917,0.100080883
BS328,2019,QUAG,3,0.616240364,0.460824917,0.283978915
BS328,2022,QUAG,3,0.399062692,0.460824917,0.183898032
BS373,2022,QUAG,3,0.450768477,0.460824917,0.207725346
BS383,2011,QUAG,3,0.056270833,0.460824917,0.025931002
BS383,2014,QUAG,3,2.164216672,0.460824917,0.997324968
BS383,2019,QUAG,3,2.603806969,0.460824917,1.19989913
BS494,2010,QUAG,3,0.416111958,0.460824917,0.191754759
BS494,2013,QUAG,3,0.416111958,0.460824917,0.191754759
BS494,2018,QUAG,3,0.416111958,0.460824917,0.191754759
BS494,2022,QUAG,3,0.416111958,0.460824917,0.191754759
BS513,2014,QUAG,3,1.191460795,0.460824917,0.549054822
BS513,2019,QUAG,3,1.932495743,0.460824917,0.89054219
BS520,2011,QUAG,3,0.065973446,0.460824917,0.030402208
BS520,2014,QUAG,3,0.384059702,0.460824917,0.17698428
BS520,2022,QUAG,3,0.991282163,0.460824917,0.45680752
BS020,2022,QUAG,4,0.638534519,0.192380422,0.12284154
BS057,2019,QUAG,4,0.189008958,0.192380422,0.036361623
BS138,2009,QUAG,4,1.603413913,0.192380422,0.308465445
BS188,2009,QUAG,4,0.069743357,0.192380422,0.013417256
BS188,2011,QUAG,4,0.105969847,0.192380422,0.020386524
BS188,2014,QUAG,4,0.105969847,0.192380422,0.020386524
BS217,2009,QUAG,4,0.042537165,0.192380422,0.008183318
BS301,2018,QUAG,4,0.039014143,0.192380422,0.007505557
BS383,2019,QUAG,4,0.056270833,0.192380422,0.010825407
BS415,2011,QUAG,4,0.088553643,0.192380422,0.017035987
BS415,2019,QUAG,4,0.088553643,0.192380422,0.017035987
BS520,2022,QUAG,4,0.163586248,0.192380422,0.031470791
BS415,2014,QUAG,5,0.088553643,0.29581395,0.026195403
BS520,2022,QUAG,5,0.318086256,0.29581395,0.094094352
BS052,2013,SESE,1,0.402205345,0.40149887,0.161484992
BS052,2018,SESE,1,0.280307623,0.40149887,0.112543194
BS053,2009,SESE,1,21.84227616,0.40149887,8.769649196
BS053,2010,SESE,1,23.70837638,0.40149887,9.518886326
BS053,2013,SESE,1,26.09138931,0.40149887,10.47566332
BS053,2018,SESE,1,26.23138296,0.40149887,10.53187062
BS058,2009,SESE,1,0.802855012,0.40149887,0.32234538
BS081,2018,SESE,1,0.037210594,0.40149887,0.014940011
BS081,2023,SESE,1,1.106199894,0.40149887,0.444138007
BS084,2022,SESE,1,0.158985009,0.40149887,0.063832301
BS140,2018,SESE,1,7.293639314,0.40149887,2.928387943
BS140,2022,SESE,1,7.293639314,0.40149887,2.928387943
BS156,2018,SESE,1,16.63344784,0.40149887,6.678310512
BS159,2023,SESE,1,3.193499422,0.40149887,1.282186409
BS160,2013,SESE,1,0.0005712,0.40149887,0.000229336
BS160,2018,SESE,1,14.19960276,0.40149887,5.701124463
BS160,2022,SESE,1,14.19960276,0.40149887,5.701124463
BS168,2018,SESE,1,1.523250678,0.40149887,0.611583426
BS168,2023,SESE,1,1.523250678,0.40149887,0.611583426
BS190,2018,SESE,1,0.691050246,0.40149887,0.277455893
BS219,2009,SESE,1,0.032201325,0.40149887,0.012928796
BS226,2018,SESE,1,8.200354005,0.40149887,3.292432867
BS226,2023,SESE,1,9.714085265,0.40149887,3.900194257
BS244,2013,SESE,1,12.63155768,0.40149887,5.071556135
BS244,2018,SESE,1,17.78116006,0.40149887,7.139115671
BS244,2023,SESE,1,17.78116006,0.40149887,7.139115671
BS246,2023,SESE,1,0.069385019,0.40149887,0.027858007
BS247,2009,SESE,1,31.24374762,0.40149887,12.54432936
BS247,2010,SESE,1,31.24374762,0.40149887,12.54432936
BS247,2013,SESE,1,31.24374762,0.40149887,12.54432936
BS247,2018,SESE,1,0.750682976,0.40149887,0.301398367
BS247,2022,SESE,1,0.254864689,0.40149887,0.102327885
BS279,2021,SESE,1,6.436078375,0.40149887,2.584078195
BS283,2013,SESE,1,0.154874235,0.40149887,0.06218183
BS283,2018,SESE,1,0.154874235,0.40149887,0.06218183
BS283,2022,SESE,1,0.154874235,0.40149887,0.06218183
BS297,2018,SESE,1,0.033025993,0.40149887,0.013259899
BS299,2009,SESE,1,4.400962901,0.40149887,1.766981632
BS301,2013,SESE,1,0.03575211,0.40149887,0.014354432
BS301,2018,SESE,1,0.981874153,0.40149887,0.394221363
BS313,2010,SESE,1,0.497691108,0.40149887,0.199822417
BS313,2013,SESE,1,37.48889882,0.40149887,15.05175051
BS313,2018,SESE,1,37.36737417,0.40149887,15.0029585
BS313,2022,SESE,1,37.36737417,0.40149887,15.0029585
BS355,2018,SESE,1,1.98067992,0.40149887,0.79524075
BS355,2023,SESE,1,2.229546602,0.40149887,0.895160441
BS388,2018,SESE,1,0.219332176,0.40149887,0.088061621
BS388,2021,SESE,1,0.033860478,0.40149887,0.013594944
BS391,2013,SESE,1,1.434783,0.40149887,0.576063753
BS391,2018,SESE,1,1.434783,0.40149887,0.576063753
BS391,2021,SESE,1,1.167887069,0.40149887,0.468905338
BS392,2013,SESE,1,0.646770518,0.40149887,0.259677632
BS392,2018,SESE,1,0.646770518,0.40149887,0.259677632
BS416,2013,SESE,1,10.8917895,0.40149887,4.373041177
BS416,2018,SESE,1,10.8917895,0.40149887,4.373041177
BS423,2021,SESE,1,1.151618174,0.40149887,0.462373396
BS433,2018,SESE,1,7.253392549,0.40149887,2.912228912
BS433,2022,SESE,1,7.253392549,0.40149887,2.912228912
BS457,2009,SESE,1,3.542082885,0.40149887,1.422142276
BS457,2010,SESE,1,4.946951067,0.40149887,1.986195263
BS457,2013,SESE,1,4.977589253,0.40149887,1.99849646
BS457,2018,SESE,1,4.505195977,0.40149887,1.808831094
BS457,2022,SESE,1,1.289481372,0.40149887,0.517725314
BS521,2022,SESE,1,0.031415927,0.40149887,0.012613459
BS601,2013,SESE,1,0.034876587,0.40149887,0.01400291
BS603,2022,SESE,1,0.654444015,0.40149887,0.262758533
BS611,2021,SESE,1,0.123938186,0.40149887,0.049761042
BS613,2018,SESE,1,0.507202778,0.40149887,0.203641342
BS632,2023,SESE,1,0.215122049,0.40149887,0.08637126
BS027,2013,SESE,2,0.203944341,0.388299293,0.079191443
BS027,2018,SESE,2,0.203944341,0.388299293,0.079191443
BS027,2022,SESE,2,1.064279817,0.388299293,0.4132591
BS048,2009,SESE,2,0.0634952,0.388299293,0.024655141
BS050,2009,SESE,2,11.4059292,0.388299293,4.428914244
BS052,2009,SESE,2,0.492099073,0.388299293,0.191081722
BS052,2010,SESE,2,0.492099073,0.388299293,0.191081722
BS052,2013,SESE,2,0.842342534,0.388299293,0.32708101
BS052,2018,SESE,2,0.964240256,0.388299293,0.37441381
BS052,2021,SESE,2,0.153840297,0.388299293,0.059736079
BS053,2009,SESE,2,0.351971632,0.388299293,0.136670336
BS053,2010,SESE,2,0.500986482,0.388299293,0.194532697
BS053,2018,SESE,2,0.284627313,0.388299293,0.110520584
BS058,2009,SESE,2,0.156871502,0.388299293,0.060913093
BS058,2010,SESE,2,0.802855012,0.388299293,0.311748034
BS058,2013,SESE,2,0.802855012,0.388299293,0.311748034
BS058,2018,SESE,2,0.802855012,0.388299293,0.311748034
BS098,2018,SESE,2,2.08575,0.388299293,0.80989525
BS098,2023,SESE,2,2.08575,0.388299293,0.80989525
BS130,2013,SESE,2,1.588690355,0.388299293,0.616887342
BS130,2018,SESE,2,1.553690355,0.388299293,0.603296866
BS147,2013,SESE,2,1.842720531,0.388299293,0.715527079
BS147,2018,SESE,2,1.087915472,0.388299293,0.422436809
BS147,2022,SESE,2,1.087915472,0.388299293,0.422436809
BS156,2009,SESE,2,1.949998341,0.388299293,0.757182977
BS156,2018,SESE,2,1.22467976,0.388299293,0.475542285
BS165,2009,SESE,2,1.468656552,0.388299293,0.570278301
BS165,2010,SESE,2,1.66572518,0.388299293,0.64679991
BS165,2013,SESE,2,1.66572518,0.388299293,0.64679991
BS165,2018,SESE,2,0.568012507,0.388299293,0.220558855
BS165,2022,SESE,2,0.269411205,0.388299293,0.10461218
BS190,2009,SESE,2,3.952595779,0.388299293,1.534790147
BS190,2018,SESE,2,9.10526183,0.388299293,3.535566731
BS219,2009,SESE,2,0.113081628,0.388299293,0.043909516
BS222,2009,SESE,2,5.715868652,0.388299293,2.219467756
BS244,2013,SESE,2,0.130988706,0.388299293,0.050862822
BS244,2018,SESE,2,1.528888463,0.388299293,0.593666309
BS244,2023,SESE,2,1.528888463,0.388299293,0.593666309
BS247,2009,SESE,2,0.364424748,0.388299293,0.141505872
BS249,2009,SESE,2,15.6646085,0.388299293,6.082556406
BS277,2009,SESE,2,0.031415927,0.388299293,0.012198782
BS279,2009,SESE,2,0.369798599,0.388299293,0.143592535
BS279,2021,SESE,2,0.679661414,0.388299293,0.263912047
BS295,2009,SESE,2,0.943420274,0.388299293,0.366329425
BS295,2010,SESE,2,0.943420274,0.388299293,0.366329425
BS295,2013,SESE,2,0.943420274,0.388299293,0.366329425
BS295,2018,SESE,2,0.217830181,0.388299293,0.084583305
BS295,2021,SESE,2,0.610030534,0.388299293,0.236874425
BS313,2010,SESE,2,36.31149735,0.388299293,14.09972875
BS313,2018,SESE,2,0.274881503,0.388299293,0.106736293
BS313,2022,SESE,2,0.274881503,0.388299293,0.106736293
BS355,2018,SESE,2,0.309482691,0.388299293,0.12017191
BS355,2023,SESE,2,0.309482691,0.388299293,0.12017191
BS388,2018,SESE,2,3.504614916,0.388299293,1.360839494
BS388,2021,SESE,2,2.644,0.388299293,1.026663331
BS391,2010,SESE,2,2.101466304,0.388299293,0.81599788
BS391,2013,SESE,2,1.2650958,0.388299293,0.491235805
BS391,2018,SESE,2,1.2650958,0.388299293,0.491235805
BS392,2009,SESE,2,0.206905292,0.388299293,0.080341179
BS392,2010,SESE,2,1.895731255,0.388299293,0.736111106
BS392,2013,SESE,2,1.895731255,0.388299293,0.736111106
BS392,2018,SESE,2,1.895731255,0.388299293,0.736111106
BS392,2021,SESE,2,0.658959741,0.388299293,0.255873602
BS394,2016,SESE,2,0.680098206,0.388299293,0.264081653
BS394,2018,SESE,2,0.49597843,0.388299293,0.192588074
BS407,2009,SESE,2,0.490252327,0.388299293,0.190364632
BS407,2010,SESE,2,0.490252327,0.388299293,0.190364632
BS407,2013,SESE,2,0.490252327,0.388299293,0.190364632
BS407,2018,SESE,2,0.188495559,0.388299293,0.073192692
BS416,2010,SESE,2,10.8917895,0.388299293,4.229274162
BS433,2009,SESE,2,0.808830243,0.388299293,0.314068212
BS433,2010,SESE,2,0.808830243,0.388299293,0.314068212
BS433,2013,SESE,2,0.941531116,0.388299293,0.365595867
BS433,2018,SESE,2,1.167395096,0.388299293,0.45329869
BS433,2022,SESE,2,1.167395096,0.388299293,0.45329869
BS457,2009,SESE,2,0.943695163,0.388299293,0.366436165
BS457,2018,SESE,2,0.472393276,0.388299293,0.183429975
BS457,2022,SESE,2,0.644254102,0.388299293,0.250163412
BS494,2010,SESE,2,0.084015337,0.388299293,0.032623096
BS494,2013,SESE,2,0.084015337,0.388299293,0.032623096
BS494,2018,SESE,2,0.084015337,0.388299293,0.032623096
BS494,2022,SESE,2,0.084015337,0.388299293,0.032623096
BS610,2009,SESE,2,5.444867016,0.388299293,2.114238013
BS612,2009,SESE,2,1.430852119,0.388299293,0.555598866
BS613,2009,SESE,2,0.42757076,0.388299293,0.166025424
BS632,2009,SESE,2,13.065047,0.388299293,5.073148513
BS632,2018,SESE,2,2.44002789,0.388299293,0.947461105
BS027,2009,SESE,3,0.461653113,0.363482315,0.167802742
BS027,2010,SESE,3,0.203944341,0.363482315,0.074130161
BS027,2013,SESE,3,1.063470857,0.363482315,0.386552849
BS027,2018,SESE,3,0.860335476,0.363482315,0.31271673
BS048,2009,SESE,3,0.71779804,0.363482315,0.260906893
BS052,2009,SESE,3,0.282192146,0.363482315,0.102571855
BS052,2010,SESE,3,0.282192146,0.363482315,0.102571855
BS053,2009,SESE,3,6.098122566,0.363482315,2.216559707
BS053,2010,SESE,3,5.93073851,0.363482315,2.155718563
BS053,2013,SESE,3,5.976185574,0.363482315,2.172237767
BS053,2018,SESE,3,5.85808918,0.363482315,2.129311817
BS058,2010,SESE,3,0.156871502,0.363482315,0.057020017
BS058,2013,SESE,3,0.156871502,0.363482315,0.057020017
BS058,2018,SESE,3,0.156871502,0.363482315,0.057020017
BS130,2009,SESE,3,1.605690355,0.363482315,0.583640047
BS130,2010,SESE,3,1.593690355,0.363482315,0.57927826
BS130,2013,SESE,3,0.1972,0.363482315,0.071678713
BS130,2018,SESE,3,0.8272,0.363482315,0.300672571
BS147,2009,SESE,3,6.844685575,0.363482315,2.487922158
BS147,2010,SESE,3,6.844685575,0.363482315,2.487922158
BS147,2013,SESE,3,5.001965044,0.363482315,1.818125834
BS147,2018,SESE,3,0.061022924,0.363482315,0.022180754
BS156,2009,SESE,3,1.626060554,0.363482315,0.591044254
BS156,2018,SESE,3,1.089256117,0.363482315,0.395925335
BS159,2009,SESE,3,1.842740441,0.363482315,0.669803561
BS165,2009,SESE,3,0.501378553,0.363482315,0.182242237
BS165,2010,SESE,3,0.501378553,0.363482315,0.182242237
BS165,2013,SESE,3,0.501378553,0.363482315,0.182242237
BS165,2018,SESE,3,0.536721431,0.363482315,0.195088748
BS165,2022,SESE,3,0.476801431,0.363482315,0.173308888
BS190,2009,SESE,3,19.32962509,0.363482315,7.025976876
BS190,2018,SESE,3,20.38097533,0.363482315,7.408124095
BS219,2009,SESE,3,3.227271739,0.363482315,1.173056203
BS226,2009,SESE,3,1.8948037,0.363482315,0.688727635
BS244,2009,SESE,3,12.63155768,0.363482315,4.591347828
BS244,2010,SESE,3,12.63155768,0.363482315,4.591347828
BS247,2009,SESE,3,2.256448923,0.363482315,0.820179278
BS247,2010,SESE,3,2.476310144,0.363482315,0.900094944
BS247,2013,SESE,3,1.175766851,0.363482315,0.427370457
BS249,2009,SESE,3,0.025132741,0.363482315,0.009135307
BS277,2009,SESE,3,0.956324366,0.363482315,0.347606994
BS279,2009,SESE,3,2.540321508,0.363482315,0.923361943
BS295,2009,SESE,3,3.402981016,0.363482315,1.236923418
BS295,2010,SESE,3,5.072483985,0.363482315,1.843758222
BS295,2013,SESE,3,5.101728286,0.363482315,1.854388008
BS295,2018,SESE,3,5.827318379,0.363482315,2.118127175
BS295,2021,SESE,3,0.401885099,0.363482315,0.146078126
BS355,2009,SESE,3,0.16847576,0.363482315,0.061237959
BS355,2010,SESE,3,0.16847576,0.363482315,0.061237959
BS355,2013,SESE,3,0.16847576,0.363482315,0.061237959
BS388,2018,SESE,3,0.838470972,0.363482315,0.30476937
BS388,2021,SESE,3,0.443,0.363482315,0.161022666
BS390,2009,SESE,3,1.198154351,0.363482315,0.435507917
BS391,2010,SESE,3,5.566730416,0.363482315,2.023408059
BS391,2013,SESE,3,3.542670991,0.363482315,1.287698253
BS391,2018,SESE,3,3.542670991,0.363482315,1.287698253
BS391,2021,SESE,3,1.374071726,0.363482315,0.499450772
BS392,2009,SESE,3,3.266141094,0.363482315,1.187184526
BS392,2010,SESE,3,1.577315132,0.363482315,0.573326156
BS392,2013,SESE,3,1.577315132,0.363482315,0.573326156
BS392,2018,SESE,3,1.577315132,0.363482315,0.573326156
BS394,2018,SESE,3,0.184119776,0.363482315,0.066924282
BS407,2009,SESE,3,6.055719351,0.363482315,2.201146889
BS407,2010,SESE,3,6.069315575,0.363482315,2.206088876
BS407,2013,SESE,3,0.485989657,0.363482315,0.176648646
BS407,2018,SESE,3,5.957544581,0.363482315,2.165462096
BS407,2021,SESE,3,2.470709469,0.363482315,0.898059197
BS423,2009,SESE,3,0.504481718,0.363482315,0.183370183
BS603,2009,SESE,3,20.29299601,0.363482315,7.376145168
BS603,2010,SESE,3,20.15370564,0.363482315,7.325515582
BS603,2013,SESE,3,19.54771206,0.363482315,7.105247633
BS610,2009,SESE,3,0.80420413,0.363482315,0.292313979
BS613,2009,SESE,3,0.105683177,0.363482315,0.038413966
BS627,2009,SESE,3,0.040251656,0.363482315,0.014630765
BS632,2009,SESE,3,1.700516614,0.363482315,0.618107716
BS632,2018,SESE,3,0.406608836,0.363482315,0.147795121
BS027,2009,SESE,4,0.860335476,0.324265378,0.278977008
BS027,2010,SESE,4,1.118044249,0.324265378,0.362543041
BS027,2013,SESE,4,0.257708772,0.324265378,0.083566032
BS027,2018,SESE,4,0.460844153,0.324265378,0.149435803
BS052,2009,SESE,4,0.113895536,0.324265378,0.036932379
BS052,2010,SESE,4,0.119102195,0.324265378,0.038620718
BS053,2010,SESE,4,0.118096395,0.324265378,0.038294572
BS156,2009,SESE,4,1.569390464,0.324265378,0.508898992
BS159,2009,SESE,4,0.401786138,0.324265378,0.130285334
BS160,2009,SESE,4,0.205703633,0.324265378,0.066702566
BS160,2010,SESE,4,0.205703633,0.324265378,0.066702566
BS160,2013,SESE,4,0.205703633,0.324265378,0.066702566
BS219,2009,SESE,4,0.578740272,0.324265378,0.187665433
BS247,2010,SESE,4,0.079490148,0.324265378,0.025775903
BS295,2009,SESE,4,1.669502969,0.324265378,0.541362011
BS390,2010,SESE,4,1.198154351,0.324265378,0.388519974
BS390,2013,SESE,4,0.543750783,0.324265378,0.176319553
BS032,2019,UMCA,1,0.083692028,0.563795301,0.047185172
BS032,2022,UMCA,1,0.083692028,0.563795301,0.047185172
BS052,2013,UMCA,1,1.52821338,0.563795301,0.861599523
BS052,2018,UMCA,1,1.165747129,0.563795301,0.657242753
BS052,2021,UMCA,1,0.193207948,0.563795301,0.108929733
BS053,2013,UMCA,1,0.170694781,0.563795301,0.096236915
BS053,2018,UMCA,1,0.031415927,0.563795301,0.017712152
BS057,2014,UMCA,1,0.102101761,0.563795301,0.057564493
BS078,2023,UMCA,1,0.662095364,0.563795301,0.373286255
BS085,2019,UMCA,1,0.15825773,0.563795301,0.089224965
BS085,2022,UMCA,1,0.15825773,0.563795301,0.089224965
BS094,2023,UMCA,1,1.027622811,0.563795301,0.579368912
BS123,2023,UMCA,1,0.276682303,0.563795301,0.155992182
BS132,2011,UMCA,1,0.326814103,0.563795301,0.184256256
BS132,2014,UMCA,1,1.411677274,0.563795301,0.795897014
BS132,2019,UMCA,1,0.085162569,0.563795301,0.048014256
BS132,2022,UMCA,1,0.085162569,0.563795301,0.048014256
BS140,2018,UMCA,1,2.926789712,0.563795301,1.650110287
BS140,2022,UMCA,1,3.051323308,0.563795301,1.720321743
BS147,2022,UMCA,1,2.311195063,0.563795301,1.303040916
BS150,2014,UMCA,1,0.340400125,0.563795301,0.191915991
BS150,2019,UMCA,1,0.115610963,0.563795301,0.065180918
BS150,2022,UMCA,1,0.89759305,0.563795301,0.506058744
BS175,2014,UMCA,1,0.124013585,0.563795301,0.069918276
BS175,2019,UMCA,1,0.106265628,0.563795301,0.059912062
BS187,2010,UMCA,1,0.358681916,0.563795301,0.202223179
BS187,2013,UMCA,1,0.358681916,0.563795301,0.202223179
BS187,2022,UMCA,1,0.394712646,0.563795301,0.222537135
BS190,2018,UMCA,1,0.235279686,0.563795301,0.132649581
BS193,2023,UMCA,1,1.687323418,0.563795301,0.951305014
BS194,2009,UMCA,1,0.177657065,0.563795301,0.100162218
BS194,2011,UMCA,1,0.383448858,0.563795301,0.216186664
BS194,2014,UMCA,1,1.292495828,0.563795301,0.728703074
BS195,2014,UMCA,1,0.33824833,0.563795301,0.190702819
BS196,2023,UMCA,1,0.302377311,0.563795301,0.170478907
BS202,2014,UMCA,1,0.068463747,0.563795301,0.038599539
BS202,2019,UMCA,1,0.354212687,0.563795301,0.199703448
BS202,2023,UMCA,1,0.354212687,0.563795301,0.199703448
BS203,2023,UMCA,1,0.106322059,0.563795301,0.059943877
BS204,2019,UMCA,1,0.278152687,0.563795301,0.156821178
BS204,2023,UMCA,1,0.662042821,0.563795301,0.373256632
BS232,2009,UMCA,1,0.542415607,0.563795301,0.30581137
BS233,2011,UMCA,1,0.04165473,0.563795301,0.023484741
BS233,2014,UMCA,1,1.201073833,0.563795301,0.677159783
BS233,2019,UMCA,1,0.443934374,0.563795301,0.250288114
BS233,2022,UMCA,1,0.479677805,0.563795301,0.270440092
BS259,2009,UMCA,1,0.052071898,0.563795301,0.029357891
BS278,2021,UMCA,1,0.265980821,0.563795301,0.149958737
BS297,2013,UMCA,1,0.348463415,0.563795301,0.196462036
BS297,2018,UMCA,1,0.348463415,0.563795301,0.196462036
BS299,2021,UMCA,1,0.383057809,0.563795301,0.215966193
BS301,2013,UMCA,1,0.100618262,0.563795301,0.056728103
BS301,2018,UMCA,1,0.100618262,0.563795301,0.056728103
BS301,2021,UMCA,1,0.155175042,0.563795301,0.08748696
BS326,2011,UMCA,1,0.287809157,0.563795301,0.16226545
BS326,2014,UMCA,1,0.287809157,0.563795301,0.16226545
BS372,2009,UMCA,1,1.417100975,0.563795301,0.798954871
BS378,2022,UMCA,1,0.721691573,0.563795301,0.406886318
BS382,2021,UMCA,1,0.331415209,0.563795301,0.186850338
BS383,2021,UMCA,1,0.007164716,0.563795301,0.004039433
BS389,2021,UMCA,1,1.830286932,0.563795301,1.031907172
BS420,2021,UMCA,1,1.93714475,0.563795301,1.092153107
BS429,2022,UMCA,1,0.641360224,0.563795301,0.361595881
BS513,2014,UMCA,1,0.21190498,0.563795301,0.119471032
BS513,2021,UMCA,1,1.142648849,0.563795301,0.644220052
BS611,2021,UMCA,1,0.031243139,0.563795301,0.017614735
BS627,2009,UMCA,1,0.346486254,0.563795301,0.195347322
BS046,2019,UMCA,2,0.046876961,0.460517838,0.021587677
BS052,2018,UMCA,2,0.362466251,0.460517838,0.166922174
BS057,2019,UMCA,2,0.102101761,0.460517838,0.047019682
BS122,2019,UMCA,2,0.428735506,0.460517838,0.197440348
BS132,2014,UMCA,2,0.159215916,0.460517838,0.073321769
BS132,2019,UMCA,2,0.424776918,0.460517838,0.195617348
BS140,2022,UMCA,2,0.15847882,0.460517838,0.072982324
BS175,2019,UMCA,2,0.171575098,0.460517838,0.079013393
BS190,2018,UMCA,2,3.277504196,0.460517838,1.509349146
BS193,2023,UMCA,2,0.319248645,0.460517838,0.147019696
BS194,2014,UMCA,2,0.177657065,0.460517838,0.081814247
BS194,2019,UMCA,2,0.422272268,0.460517838,0.194463912
BS194,2022,UMCA,2,0.358,0.460517838,0.164865386
BS232,2011,UMCA,2,0.542415607,0.460517838,0.249792063
BS232,2014,UMCA,2,0.542415607,0.460517838,0.249792063
BS233,2019,UMCA,2,1.433281277,0.460517838,0.660051595
BS233,2022,UMCA,2,1.702374827,0.460517838,0.783973975
BS326,2009,UMCA,2,0.287809157,0.460517838,0.132541251
BS383,2014,UMCA,2,0.090637147,0.460517838,0.041740023
BS383,2019,UMCA,2,0.090637147,0.460517838,0.041740023
BS423,2009,UMCA,2,0.306305284,0.460517838,0.141059047
BS513,2009,UMCA,2,0.33025011,0.460517838,0.152086067
BS513,2011,UMCA,2,0.33025011,0.460517838,0.152086067
BS513,2014,UMCA,2,0.513020117,0.460517838,0.236254915
BS513,2019,UMCA,2,0.470585054,0.460517838,0.216712812
BS627,2009,UMCA,2,0.444357821,0.460517838,0.204634703
BS057,2011,UMCA,3,0.031415927,0.358190241,0.011252878
BS057,2014,UMCA,3,0.031415927,0.358190241,0.011252878
BS057,2019,UMCA,3,0.031415927,0.358190241,0.011252878
BS132,2022,UMCA,3,0.362486385,0.358190241,0.129839086
BS134,2018,UMCA,3,0.165086767,0.358190241,0.059132469
BS134,2023,UMCA,3,0.165086767,0.358190241,0.059132469
BS187,2018,UMCA,3,0.358681916,0.358190241,0.128476362
BS190,2009,UMCA,3,1.589227658,0.358190241,0.569245838
BS190,2018,UMCA,3,0.063334508,0.358190241,0.022685803
BS194,2022,UMCA,3,0.065,0.358190241,0.023282366
BS233,2019,UMCA,3,0.026829201,0.358190241,0.009609958
BS233,2022,UMCA,3,0.026829201,0.358190241,0.009609958
BS239,2018,UMCA,3,0.098803089,0.358190241,0.035390302
BS378,2022,UMCA,3,1.744273188,0.358190241,0.624781634
BS513,2009,UMCA,3,0.033025993,0.358190241,0.011829588
BS513,2011,UMCA,3,0.033025993,0.358190241,0.011829588
BS513,2019,UMCA,3,0.125766436,0.358190241,0.04504831
BS132,2019,UMCA,4,0.0226,0.208203229,0.004705393
BS132,2022,UMCA,4,0.0226,0.208203229,0.004705393
BS187,2022,UMCA,4,0.359,0.208203229,0.074744959
BS190,2018,UMCA,4,1.589227658,0.208203229,0.33088233
BS378,2022,UMCA,4,0.459934152,0.208203229,0.095759776
BS513,2009,UMCA,4,0.087100656,0.208203229,0.018134638
BS513,2011,UMCA,4,0.065722904,0.208203229,0.013683721
BS513,2014,UMCA,4,0.07574588,0.208203229,0.015770537
BS513,2019,UMCA,4,0.128573606,0.208203229,0.02676944
BS016,2011,UMCA,5,0.00867865,0.20594406,0.001787316
BS016,2014,UMCA,5,0.00867865,0.20594406,0.001787316
BS513,2019,UMCA,5,0.07574588,0.20594406,0.015599414
BS296,2021,ACMA,1,0.384295714,0.514249599,0.197623917
BS048,2021,ACMA,2,0.276343915,0.462910551,0.127922514
BS233,2014,ACMA,2,0.708386182,0.462910551,0.327919438
BS233,2019,ACMA,2,0.708386182,0.462910551,0.327919438
BS233,2022,ACMA,2,0.708386182,0.462910551,0.327919438
BS073,2019,ARCsp,2,0.025537221,0.462910551,0.011821449
BS073,2011,CEOL,2,0.022127415,0.462910551,0.010243014
BS073,2014,CEOL,2,0.022127415,0.462910551,0.010243014
BS073,2019,CEOL,2,0.022127415,0.462910551,0.010243014
BS303,2021,PIPO,1,0.293828606,0.514249599,0.151101243
BS405,2021,PIPO,1,2.961418977,0.514249599,1.522908521
BS274,2014,PIPO,2,0.108456575,0.462910551,0.050205693
BS312,2022,PIPO,2,0.385160658,0.462910551,0.178294933
BS323,2009,PIPO,2,0.033025993,0.462910551,0.015288081
BS323,2011,PIPO,2,0.033025993,0.462910551,0.015288081
BS323,2014,PIPO,2,0.033025993,0.462910551,0.015288081
BS405,2021,PIPO,2,0.670109567,0.462910551,0.310200789
BS062,2011,PIPO,3,0.373649249,0.424055778,0.158448123
BS062,2014,PIPO,3,0.222508248,0.424055778,0.094355908
BS062,2019,PIPO,3,0.222508248,0.424055778,0.094355908
BS073,2011,PIPO,3,0.380925963,0.424055778,0.161533855
BS073,2014,PIPO,3,0.525332058,0.424055778,0.222770094
BS073,2019,PIPO,3,0.144406094,0.424055778,0.061236238
BS272,2019,PIPO,3,0.265660929,0.424055778,0.112655052
BS272,2022,PIPO,3,0.265660929,0.424055778,0.112655052
BS274,2009,PIPO,3,0.028176159,0.424055778,0.011948263
BS274,2011,PIPO,3,0.028176159,0.424055778,0.011948263
BS274,2014,PIPO,3,0.028176159,0.424055778,0.011948263
BS312,2014,PIPO,3,0.615329663,0.424055778,0.260934099
BS312,2019,PIPO,3,0.385160658,0.424055778,0.163329602
BS062,2011,PIPO,4,0.165326313,0.267120531,0.044162053
BS062,2014,PIPO,4,0.373649249,0.267120531,0.099809386
BS062,2019,PIPO,4,0.373649249,0.267120531,0.099809386
BS073,2011,PIPO,4,2.450129681,0.267120531,0.654479942
BS073,2014,PIPO,4,2.450129681,0.267120531,0.654479942
BS073,2019,PIPO,4,2.660702783,0.267120531,0.710728341
BS312,2019,PIPO,4,0.254469005,0.267120531,0.067973896
BS312,2022,PIPO,4,0.254469005,0.267120531,0.067973896
BS328,2009,PIPO,4,0.04712389,0.267120531,0.012587759
BS073,2019,PIPO,5,0.170352862,0.254809108,0.043407461
BS094,2023,QUCH,1,3.863309438,0.514249599,1.986705329
BS148,2023,QUCH,1,0.047897978,0.514249599,0.024631516
BS149,2023,QUCH,1,4.914678213,0.514249599,2.5273713
BS150,2011,QUCH,1,43.51793483,0.514249599,22.37908054
BS150,2014,QUCH,1,35.02480314,0.514249599,18.01149097
BS150,2019,QUCH,1,0.337132162,0.514249599,0.173370079
BS150,2022,QUCH,1,6.894537375,0.514249599,3.54551308
BS203,2019,QUCH,1,0.231402175,0.514249599,0.118998476
BS203,2023,QUCH,1,1.855426585,0.514249599,0.954152377
BS478,2021,QUCH,1,0.71656952,0.514249599,0.368495588
BS150,2011,QUCH,2,0.537419854,0.462910551,0.248777321
BS150,2014,QUCH,2,9.030551543,0.462910551,4.180337594
BS203,2023,QUCH,2,0.230234563,0.462910551,0.106578008
BS150,2011,QUCH,3,0.421915893,0.424055778,0.178915872
BS150,2014,QUCH,3,0.421915893,0.424055778,0.178915872
BS315,2009,QUCH,3,0.954986833,0.424055778,0.404967684
BS315,2011,QUCH,3,0.954986833,0.424055778,0.404967684
BS315,2014,QUCH,3,1.083431378,0.424055778,0.459435335
BS094,2009,QUCH,4,0.191440802,0.267120531,0.051137769
BS220,2009,QUERsp,2,0.062070017,0.462910551,0.028732866
BS244,2023,QUERsp,2,0.033183072,0.462910551,0.015360794
BS272,2022,QUERsp,2,0.097185169,0.462910551,0.04498804
BS020,2011,QUERsp,4,0.029452431,0.267120531,0.007867349
BS020,2014,QUERsp,4,0.029452431,0.267120531,0.007867349
BS020,2019,QUERsp,4,0.029452431,0.267120531,0.007867349
BS020,2022,QUERsp,4,0.029452431,0.267120531,0.007867349
BS054,2011,QUERsp,4,0.42819025,0.267120531,0.114378407
BS054,2014,QUERsp,4,0.42819025,0.267120531,0.114378407
BS259,2009,QUERsp,5,0.051050881,0.254809108,0.013008229
BS232,2009,QUKE,1,0.768315753,0.514249599,0.395106068
BS232,2014,QUKE,1,0.152290275,0.514249599,0.078315213
BS232,2009,QUKE,2,0.707133236,0.462910551,0.327339436
BS232,2011,QUKE,2,1.47544899,0.462910551,0.683000905
BS232,2014,QUKE,2,1.032091727,0.462910551,0.47776615
BS360,2009,QUKE,2,2.029684996,0.462910551,0.939562601
BS360,2011,QUKE,2,2.029684996,0.462910551,0.939562601
BS232,2009,QUKE,3,0.355377943,0.424055778,0.15070007
BS232,2011,QUKE,3,0.355377943,0.424055778,0.15070007
BS232,2014,QUKE,3,0.798735206,0.424055778,0.338708279
BS360,2009,QUKE,3,0.257806947,0.424055778,0.109324525
BS360,2011,QUKE,3,0.257806947,0.424055778,0.109324525
BS360,2014,QUKE,3,2.287491943,0.424055778,0.970024174
BS303,2021,QULO,1,0.309330559,0.514249599,0.159073116
BS016,2014,QUPA,1,0.191842612,0.514249599,0.098654986
BS077,2023,QUPA,1,1.816421748,0.514249599,0.934094156
BS081,2023,QUPA,1,0.285192956,0.514249599,0.146660363
BS148,2019,QUPA,1,0.083187528,0.514249599,0.042779153
BS148,2023,QUPA,1,3.774548214,0.514249599,1.941059905
BS203,2019,QUPA,1,0.029996241,0.514249599,0.015425555
BS203,2023,QUPA,1,0.029996241,0.514249599,0.015425555
BS272,2022,QUPA,1,0.12112599,0.514249599,0.062288992
BS282,2019,QUPA,1,3.601243905,0.514249599,1.851938234
BS297,2013,QUPA,1,0.235893396,0.514249599,0.121308084
BS297,2018,QUPA,1,0.360088093,0.514249599,0.185175157
BS306,2019,QUPA,1,0.110839316,0.514249599,0.056999074
BS316,2019,QUPA,1,0.203358905,0.514249599,0.104577235
BS427,2019,QUPA,1,4.13216623,0.514249599,2.124964827
BS427,2023,QUPA,1,5.245179101,0.514249599,2.697331249
BS438,2009,QUPA,1,2.651944612,0.514249599,1.363761453
BS438,2011,QUPA,1,2.411173932,0.514249599,1.239945228
BS438,2019,QUPA,1,0.064305849,0.514249599,0.033069257
BS438,2022,QUPA,1,3.566390134,0.514249599,1.834014696
BS521,2009,QUPA,1,0.223916859,0.514249599,0.115149155
BS521,2018,QUPA,1,0.630830823,0.514249599,0.324404498
BS521,2022,QUPA,1,0.288223965,0.514249599,0.148219058
BS611,2013,QUPA,1,0.26769467,0.514249599,0.137661877
BS612,2021,QUPA,1,0.171242404,0.514249599,0.088061338
BS077,2023,QUPA,2,0.267200309,0.462910551,0.123689842
BS175,2019,QUPA,2,0.137680298,0.462910551,0.063733663
BS203,2019,QUPA,2,0.025385325,0.462910551,0.011751135
BS203,2023,QUPA,2,0.025385325,0.462910551,0.011751135
BS297,2018,QUPA,2,0.235893396,0.462910551,0.109197542
BS306,2019,QUPA,2,0.078422321,0.462910551,0.03630252
BS316,2022,QUPA,2,0.203358905,0.462910551,0.094136983
BS438,2011,QUPA,2,0.499583918,0.462910551,0.231262667
BS438,2014,QUPA,2,2.91075785,0.462910551,1.347420521
BS438,2019,QUPA,2,0.97917097,0.462910551,0.453268574
BS520,2014,QUPA,2,0.132570419,0.462910551,0.061368246
BS521,2022,QUPA,2,0.094666711,0.462910551,0.043822219
BS611,2018,QUPA,2,0.26769467,0.462910551,0.123918687
BS016,2011,QUPA,3,0.309920079,0.424055778,0.1314234
BS016,2014,QUPA,3,0.296868725,0.424055778,0.125888898
BS304,2011,QUPA,3,0.055174221,0.424055778,0.023396947
BS304,2014,QUPA,3,0.033,0.424055778,0.013993841
BS520,2022,QUPA,3,0.289084565,0.424055778,0.12258798
BS521,2022,QUPA,3,0.247940147,0.424055778,0.105140452
BS016,2011,QUPA,4,0.176862916,0.267120531,0.047243716
BS016,2014,QUPA,4,0.176862916,0.267120531,0.047243716
BS148,2009,QUPA,4,0.051777374,0.267120531,0.0138308
BS520,2022,QUPA,4,0.033344079,0.267120531,0.008906888
BS259,2009,QUPA,5,0.060377484,0.254809108,0.015384733
