Plot,SampleYear,Elevation,Slope,BurnScar,PRam,Fire,Easting,Northing
BS002,2006,359,33,control,0,0,645606.34,3969192.81
BS002,2010,359,33,control,0,0,645606.34,3969192.81
BS002,2013,359,33,control,0,0,645606.34,3969192.81
BS002,2018,359,33,control,1,0,645606.34,3969192.81
BS002,2022,359,33,control,1,0,645606.34,3969192.81
BS003,2006,387,14,control,0,0,645192,3968585
BS004,2006,778,35,control,0,0,647467.166,3969483.484
BS005,2006,839,37,control,0,0,648062.168,3969515.766
BS006,2006,800,33,control,0,0,648646.213,3969732.21
BS007,2006,885,35,control,0,0,649956.78,3969434.362
BS007,2006,885,35,control,0,0,649956.78,3969434.362
BS011,2007,492,33,control,0,0,647115.294,3966220.184
BS012,2007,350,22,control,0,0,647090.488,3965577.687
BS015,2006,364,38,control,0,0,649665,3965835
BS016,2006,430,33,control,0,0,650169.324,3965880.676
BS016,2011,430,33,control,0,0,650169.324,3965880.676
BS016,2014,430,33,control,0,0,650169.324,3965880.676
BS017,2006,508,34,control,0,0,650648.892,3965824.135
BS018,2006,601,32,control,0,0,651003.261,3965656.614
BS019,2006,435,37,control,0,0,649703.612,3966330.037
BS020,2006,386,23,control,0,0,649849.72,3966771.694
BS020,2011,386,23,control,0,0,649849.72,3966771.694
BS020,2014,386,23,control,0,0,649849.72,3966771.694
BS020,2019,386,23,control,1,0,649849.72,3966771.694
BS020,2022,386,23,control,1,0,649849.72,3966771.694
BS022,2007,631,32,control,0,0,650092.052,3967957.163
BS026,2006,220,15,control,0,0,642089,3974194
BS027,2009,244,41,control,0,0,641619,3973753
BS027,2006,244,41,control,0,0,641619,3973753
BS027,2010,244,41,control,0,0,641619,3973753
BS027,2013,244,41,control,1,0,641619,3973753
BS027,2018,244,41,control,1,0,641619,3973753
BS027,2022,244,41,control,1,0,641619,3973753
BS032,2007,296,21,control,0,0,650178.125,3962804.048
BS032,2011,296,21,control,0,0,650178.125,3962804.048
BS032,2014,296,21,control,0,0,650178.125,3962804.048
BS032,2019,296,21,control,0,0,650178.125,3962804.048
BS032,2022,296,21,control,0,0,650178.125,3962804.048
BS034,2007,637,24,control,0,0,651170.79,3963050.561
BS035,2007,372,17,control,0,0,651826.769,3961935.521
BS038,2007,553,33,dolan,1,0,628366.744,3991424.437
BS038,2021,553,33,dolan,1,1,628366.744,3991424.437
BS038,2021,553,33,dolan,1,1,628366.744,3991424.437
BS044,2007,700,35,dolan_chalk,0,0,633590.571,3988463.087
BS044,2011,700,35,dolan_chalk,0,1,633590.571,3988463.087
BS044,2014,700,35,dolan_chalk,0,1,633590.571,3988463.087
BS044,2019,700,35,dolan_chalk,1,1,633590.571,3988463.087
BS044,2021,700,35,dolan_chalk,1,1,633590.571,3988463.087
BS045,2009,478,39,dolan_chalk,0,1,634570.293,3988173.806
BS045,2007,478,39,dolan_chalk,0,0,634570.293,3988173.806
BS045,2011,478,39,dolan_chalk,1,1,634570.293,3988173.806
BS045,2014,478,39,dolan_chalk,1,1,634570.293,3988173.806
BS046,2009,575,36,dolan_chalk,0,1,634734.157,3987586.34
BS046,2007,575,36,dolan_chalk,0,0,634734.157,3987586.34
BS046,2011,575,36,dolan_chalk,0,1,634734.157,3987586.34
BS046,2014,575,36,dolan_chalk,0,1,634734.157,3987586.34
BS046,2019,575,36,dolan_chalk,1,1,634734.157,3987586.34
BS046,2021,575,36,dolan_chalk,1,1,634734.157,3987586.34
BS047,2009,679,33,dolan_chalk,0,1,635167.639,3988103.951
BS047,2007,679,33,dolan_chalk,0,0,635167.639,3988103.951
BS047,2011,679,33,dolan_chalk,0,1,635167.639,3988103.951
BS047,2014,679,33,dolan_chalk,0,1,635167.639,3988103.951
BS047,2019,679,33,dolan_chalk,0,1,635167.639,3988103.951
BS047,2021,679,33,dolan_chalk,0,1,635167.639,3988103.951
BS047,2021,679,33,dolan_chalk,0,1,635167.639,3988103.951
BS048,2009,475,20,dolan_chalk,0,1,636017.591,3988181.176
BS048,2007,475,20,dolan_chalk,0,0,636017.591,3988181.176
BS048,2021,475,20,dolan_chalk,0,1,636017.591,3988181.176
BS050,2009,670,18,dolan_chalk,0,1,636969,3988655
BS050,2007,670,18,dolan_chalk,0,0,636969,3988655
BS050,2021,670,18,dolan_chalk,0,1,636969,3988655
BS052,2009,541,32,dolan_chalk,0,1,635051.737,3986466.81
BS052,2007,541,32,dolan_chalk,0,0,635051.737,3986466.81
BS052,2010,541,32,dolan_chalk,0,1,635051.737,3986466.81
BS052,2013,541,32,dolan_chalk,0,1,635051.737,3986466.81
BS052,2018,541,32,dolan_chalk,0,1,635051.737,3986466.81
BS052,2021,541,32,dolan_chalk,0,1,635051.737,3986466.81
BS053,2009,317,38,dolan_chalk,0,1,634566.708,3986362.546
BS053,2007,317,38,dolan_chalk,0,0,634566.708,3986362.546
BS053,2010,317,38,dolan_chalk,0,1,634566.708,3986362.546
BS053,2010,317,38,dolan_chalk,0,1,634566.708,3986362.546
BS053,2013,317,38,dolan_chalk,0,1,634566.708,3986362.546
BS053,2018,317,38,dolan_chalk,1,1,634566.708,3986362.546
BS053,2021,317,38,dolan_chalk,1,1,634566.708,3986362.546
BS054,2007,558,34,control,0,0,652418.316,3961612.993
BS054,2011,558,34,control,0,0,652418.316,3961612.993
BS054,2014,558,34,control,0,0,652418.316,3961612.993
BS057,2007,592,31,dolan_chalk,0,0,634097.886,3988199.85
BS057,2011,592,31,dolan_chalk,0,1,634097.886,3988199.85
BS057,2014,592,31,dolan_chalk,0,1,634097.886,3988199.85
BS057,2019,592,31,dolan_chalk,1,1,634097.886,3988199.85
BS057,2021,592,31,dolan_chalk,1,1,634097.886,3988199.85
BS058,2009,744,25,dolan,0,0,630877.642,3991586.658
BS058,2007,744,25,dolan,0,0,630877.642,3991586.658
BS058,2010,744,25,dolan,0,0,630877.642,3991586.658
BS058,2013,744,25,dolan,0,0,630877.642,3991586.658
BS058,2018,744,25,dolan,0,0,630877.642,3991586.658
BS058,2021,744,25,dolan,0,1,630877.642,3991586.658
BS059,2007,630,40,dolan,0,0,630906.198,3991201.444
BS059,2021,630,40,dolan,0,1,630906.198,3991201.444
BS060,2007,638,30,dolan,0,0,631161.134,3990763.609
BS060,2021,638,30,dolan,0,1,631161.134,3990763.609
BS062,2007,604,15,dolan,0,0,630661.814,3988688.512
BS062,2011,604,15,dolan,1,0,630661.814,3988688.512
BS062,2014,604,15,dolan,1,0,630661.814,3988688.512
BS062,2019,604,15,dolan,1,0,630661.814,3988688.512
BS062,2021,604,15,dolan,1,1,630661.814,3988688.512
BS063,2006,630,25,control,0,0,631731,3988899
BS066,2006,720,27,dolan_chalk,0,0,632103,3989070
BS066,2011,720,27,dolan_chalk,0,1,632103,3989070
BS066,2014,720,27,dolan_chalk,0,1,632103,3989070
BS066,2019,720,27,dolan_chalk,1,1,632103,3989070
BS066,2021,720,27,dolan_chalk,1,1,632103,3989070
BS070,2007,623,40,dolan,1,0,630134.769,3988785.631
BS070,2011,623,40,dolan,1,0,630134.769,3988785.631
BS070,2014,623,40,dolan,1,0,630134.769,3988785.631
BS070,2021,623,40,dolan,1,1,630134.769,3988785.631
BS071,2007,700,30,dolan,0,0,631055.772,3989105.384
BS071,2021,700,30,dolan,0,1,631055.772,3989105.384
BS072,2007,735,18,dolan,1,0,630181.514,3989173.856
BS072,2021,735,18,dolan,1,1,630181.514,3989173.856
BS073,2007,601,10,dolan,1,0,629493.267,3989433.106
BS073,2011,601,10,dolan,1,0,629493.267,3989433.106
BS073,2014,601,10,dolan,1,0,629493.267,3989433.106
BS073,2019,601,10,dolan,1,0,629493.267,3989433.106
BS073,2021,601,10,dolan,1,1,629493.267,3989433.106
BS076,2006,575,26,sober,1,0,605690,4024750
BS077,2006,588,27,sober,1,0,605951.659,4024437.532
BS077,2019,588,27,sober,1,1,605951.659,4024437.532
BS077,2023,588,27,sober,1,1,605951.659,4024437.532
BS077,2023,588,27,sober,1,1,605951.659,4024437.532
BS078,2006,605,27,sober,1,0,606238.493,4024028.28
BS078,2023,605,27,sober,1,1,606238.493,4024028.28
BS079,2006,730,20,sober,1,0,606551,4024472
BS080,2006,856,32,sober,0,0,607270,4024597
BS081,2006,308,23,sober,1,0,603666,4025833
BS081,2018,308,23,sober,1,1,603666,4025833
BS081,2023,308,23,sober,1,1,603666,4025833
BS083,2006,426,21,control,1,0,602051.338,4026483.686
BS084,2006,432,36,sober,1,0,602453,4024780
BS084,2010,432,36,sober,1,0,602453,4024780
BS084,2013,432,36,sober,1,0,602453,4024780
BS084,2018,432,36,sober,1,1,602453,4024780
BS084,2022,432,36,sober,1,1,602453,4024780
BS085,2006,505,30,sober,1,0,602438,4024359
BS085,2011,505,30,sober,1,0,602438,4024359
BS085,2014,505,30,sober,1,0,602438,4024359
BS085,2019,505,30,sober,1,1,602438,4024359
BS085,2022,505,30,sober,1,1,602438,4024359
BS086,2006,578,28,sober,1,0,602890,4024147
BS086,2018,578,28,sober,1,1,602890,4024147
BS086,2018,578,28,sober,1,1,602890,4024147
BS086,2023,578,28,sober,1,1,602890,4024147
BS087,2006,508,27,control,1,0,601771,4024235
BS088,2006,1000,9,sober_chalk,0,0,607990,4024536
BS089,2006,1034,11,sober,0,0,607972,4025274
BS090,2006,956,17,sober,0,0,607955,4025755
BS092,2006,916,31,sober,0,0,607268,4026200
BS092,2019,916,31,sober,0,1,607268,4026200
BS092,2022,916,31,sober,0,1,607268,4026200
BS094,2009,771,27,sober,1,0,601013.529,4035364.483
BS094,2006,771,27,sober,1,0,601013.529,4035364.483
BS094,2023,771,27,sober,1,1,601013.529,4035364.483
BS098,2007,478,39,sober,1,0,602305.332,4028021.105
BS098,2018,478,39,sober,1,1,602305.332,4028021.105
BS098,2023,478,39,sober,1,1,602305.332,4028021.105
BS102,2006,521,38,control,1,0,603818,4026771
BS103,2006,480,32,sober,1,0,603621,4026587
BS111,2006,670,37,sober,1,0,602915,4031241
BS112,2006,870,33,sober,1,0,603720,4030896
BS118,2006,412,28,sober,1,0,601602,4030378
BS119,2006,576,38,sober,1,0,602268.074,4030499.073
BS121,2006,926,32,sober,1,0,604035,4031348
BS122,2006,742,29,sober,1,0,603598,4031595
BS122,2019,742,29,sober,1,1,603598,4031595
BS122,2019,742,29,sober,1,1,603598,4031595
BS123,2006,293,17,sober,1,0,599059,4037885
BS123,2018,293,17,sober,1,1,599059,4037885
BS123,2023,293,17,sober,1,1,599059,4037885
BS124,2009,353,23,sober,1,0,599424,4037568
BS124,2006,353,23,sober,1,0,599424,4037568
BS124,2010,353,23,sober,1,0,599424,4037568
BS124,2013,353,23,sober,1,0,599424,4037568
BS124,2018,353,23,sober,1,1,599424,4037568
BS124,2023,353,23,sober,1,1,599424,4037568
BS125,2006,380,20,control,1,0,599761,4037866
BS126,2009,297,30,control,1,0,600308.365,4038264.293
BS126,2006,297,30,control,1,0,600308.365,4038264.293
BS126,2011,297,30,control,1,0,600308.365,4038264.293
BS126,2014,297,30,control,1,0,600308.365,4038264.293
BS128,2006,291,0,control,1,0,600902,4037554
BS129,2006,340,25,control,1,0,599660,4038950
BS130,2009,242,3,control,1,0,599965.393,4039512.366
BS130,2006,242,3,control,1,0,599965.393,4039512.366
BS130,2010,242,3,control,1,0,599965.393,4039512.366
BS130,2013,242,3,control,1,0,599965.393,4039512.366
BS130,2018,242,3,control,1,0,599965.393,4039512.366
BS131,2009,223,25,control,0,0,600198.595,4040061.025
BS131,2006,223,25,control,0,0,600198.595,4040061.025
BS131,2010,223,25,control,0,0,600198.595,4040061.025
BS131,2013,223,25,control,1,0,600198.595,4040061.025
BS131,2018,223,25,control,1,0,600198.595,4040061.025
BS132,2009,538,30,sober_chalk,1,1,602278.796,4023369.551
BS132,2006,538,30,sober_chalk,1,0,602278.796,4023369.551
BS132,2011,538,30,sober_chalk,1,1,602278.796,4023369.551
BS132,2011,538,30,sober_chalk,1,1,602278.796,4023369.551
BS132,2014,538,30,sober_chalk,1,1,602278.796,4023369.551
BS132,2014,538,30,sober_chalk,1,1,602278.796,4023369.551
BS132,2019,538,30,sober_chalk,1,1,602278.796,4023369.551
BS132,2019,538,30,sober_chalk,1,1,602278.796,4023369.551
BS132,2022,538,30,sober_chalk,1,1,602278.796,4023369.551
BS132,2022,538,30,sober_chalk,1,1,602278.796,4023369.551
BS132,2022,538,30,sober_chalk,1,1,602278.796,4023369.551
BS133,2006,653,26,sober_chalk,1,0,602996,4023653
BS134,2006,513,27,sober,1,0,602094,4023991
BS134,2018,513,27,sober,1,1,602094,4023991
BS134,2023,513,27,sober,1,1,602094,4023991
BS135,2006,433,27,sober,1,0,601498,4023708
BS137,2006,258,18,control,1,0,600907,4023125
BS138,2009,291,26,control,1,0,601774.259,4039619.681
BS138,2006,291,26,control,1,0,601774.259,4039619.681
BS139,2006,294,11,control,1,0,601842,4039028
BS140,2009,293,15,sober,1,0,601463.555,4038058.157
BS140,2007,293,15,sober,1,0,601463.555,4038058.157
BS140,2010,293,15,sober,1,0,601463.555,4038058.157
BS140,2013,293,15,sober,1,0,601463.555,4038058.157
BS140,2018,293,15,sober,1,1,601463.555,4038058.157
BS140,2022,293,15,sober,1,1,601463.555,4038058.157
BS141,2009,276,40,sober,1,0,602030,4038130.858
BS141,2006,276,40,sober,1,0,602030,4038130.858
BS141,2011,276,40,sober,1,0,602030,4038130.858
BS141,2014,276,40,sober,1,0,602030,4038130.858
BS141,2019,276,40,sober,1,1,602030,4038130.858
BS141,2022,276,40,sober,1,1,602030,4038130.858
BS144,2007,488,32,control,0,0,605922.146,4036546.705
BS146,2009,704,35,sober,1,0,600963.727,4035905.021
BS146,2006,704,35,sober,1,0,600963.727,4035905.021
BS146,2011,704,35,sober,1,0,600963.727,4035905.021
BS146,2014,704,35,sober,1,0,600963.727,4035905.021
BS146,2019,704,35,sober,1,1,600963.727,4035905.021
BS146,2022,704,35,sober,1,1,600963.727,4035905.021
BS147,2009,399,36,sober,1,0,599733.177,4036743.426
BS147,2006,399,36,sober,1,0,599733.177,4036743.426
BS147,2010,399,36,sober,1,0,599733.177,4036743.426
BS147,2013,399,36,sober,1,0,599733.177,4036743.426
BS147,2018,399,36,sober,1,1,599733.177,4036743.426
BS147,2022,399,36,sober,1,1,599733.177,4036743.426
BS148,2009,870,28,sober,1,0,601146.882,4034805.869
BS148,2006,870,28,sober,1,0,601146.882,4034805.869
BS148,2019,870,28,sober,1,1,601146.882,4034805.869
BS148,2019,870,28,sober,1,1,601146.882,4034805.869
BS148,2023,870,28,sober,1,1,601146.882,4034805.869
BS148,2023,870,28,sober,1,1,601146.882,4034805.869
BS149,2006,759,22,sober,1,0,600637.845,4034715.052
BS149,2023,759,22,sober,1,1,600637.845,4034715.052
BS149,2023,759,22,sober,1,1,600637.845,4034715.052
BS150,2006,854,23,sober,0,0,601495.318,4034205.033
BS150,2011,854,23,sober,1,0,601495.318,4034205.033
BS150,2014,854,23,sober,1,0,601495.318,4034205.033
BS150,2019,854,23,sober,1,1,601495.318,4034205.033
BS150,2019,854,23,sober,1,1,601495.318,4034205.033
BS150,2022,854,23,sober,1,1,601495.318,4034205.033
BS150,2022,854,23,sober,1,1,601495.318,4034205.033
BS151,2006,490,10,sober,1,0,602922,4035849
BS152,2006,389,18,sober,1,0,602869,4036357
BS156,2009,403,34,sober_chalk,1,1,607465.652,4018706.971
BS156,2007,403,34,sober_chalk,1,0,607465.652,4018706.971
BS156,2010,403,34,sober_chalk,1,1,607465.652,4018706.971
BS156,2018,403,34,sober_chalk,1,1,607465.652,4018706.971
BS157,2007,325,23,sober_chalk,1,0,607079.22,4018299.782
BS158,2009,635,13,sober_chalk,0,1,606392.997,4023552.059
BS158,2006,635,13,sober_chalk,0,0,606392.997,4023552.059
BS158,2011,635,13,sober_chalk,0,1,606392.997,4023552.059
BS158,2014,635,13,sober_chalk,0,1,606392.997,4023552.059
BS158,2019,635,13,sober_chalk,1,1,606392.997,4023552.059
BS158,2022,635,13,sober_chalk,1,1,606392.997,4023552.059
BS159,2009,250,28,sober,1,0,607496.841,4022405.719
BS159,2007,250,28,sober,1,0,607496.841,4022405.719
BS159,2018,250,28,sober,1,1,607496.841,4022405.719
BS159,2023,250,28,sober,1,1,607496.841,4022405.719
BS160,2009,386,38,sober_chalk,0,1,607860.254,4021163.711
BS160,2007,386,38,sober_chalk,0,0,607860.254,4021163.711
BS160,2010,386,38,sober_chalk,0,1,607860.254,4021163.711
BS160,2013,386,38,sober_chalk,0,1,607860.254,4021163.711
BS160,2018,386,38,sober_chalk,0,1,607860.254,4021163.711
BS160,2022,386,38,sober_chalk,0,1,607860.254,4021163.711
BS161,2006,1126,27,sober_chalk,0,0,615490,4021872
BS162,2006,1180,36,sober_chalk,0,0,615236,4022445
BS163,2006,1201,37,sober_chalk,0,0,614910,4023045
BS165,2009,287,10,sober_chalk,0,1,608429.551,4020760.565
BS165,2007,287,10,sober_chalk,0,0,608429.551,4020760.565
BS165,2010,287,10,sober_chalk,0,1,608429.551,4020760.565
BS165,2013,287,10,sober_chalk,0,1,608429.551,4020760.565
BS165,2018,287,10,sober_chalk,0,1,608429.551,4020760.565
BS165,2022,287,10,sober_chalk,0,1,608429.551,4020760.565
BS166,2009,352,25,sober_chalk,0,1,608391.163,4021141.591
BS166,2007,352,25,sober_chalk,0,0,608391.163,4021141.591
BS166,2018,352,25,sober_chalk,0,1,608391.163,4021141.591
BS166,2023,352,25,sober_chalk,0,1,608391.163,4021141.591
BS167,2007,409,36,sober_chalk,1,0,608558.154,4020238.36
BS168,2009,317,35,sober_chalk,1,1,609107.642,4020657.628
BS168,2007,317,35,sober_chalk,1,0,609107.642,4020657.628
BS168,2010,317,35,sober_chalk,1,1,609107.642,4020657.628
BS168,2018,317,35,sober_chalk,1,1,609107.642,4020657.628
BS168,2023,317,35,sober_chalk,1,1,609107.642,4020657.628
BS172,2006,1117,32,sober_chalk,0,0,612766,4024834
BS175,2009,511,25,sober_chalk,1,1,607609.175,4019517.407
BS175,2007,511,25,sober_chalk,1,0,607609.175,4019517.407
BS175,2010,511,25,sober_chalk,1,1,607609.175,4019517.407
BS175,2011,511,25,sober_chalk,1,1,607609.175,4019517.407
BS175,2014,511,25,sober_chalk,1,1,607609.175,4019517.407
BS175,2019,511,25,sober_chalk,1,1,607609.175,4019517.407
BS175,2019,511,25,sober_chalk,1,1,607609.175,4019517.407
BS176,2007,516,28,sober_chalk,1,0,608485.246,4018968.088
BS177,2007,540,36,sober_chalk,1,0,608613.318,4018688.18
BS186,2006,235,22,control,1,0,605341,4014407
BS187,2009,114,16,chalk,1,1,605313.034,4015778.925
BS187,2006,114,16,chalk,1,0,605313.034,4015778.925
BS187,2010,114,16,chalk,1,1,605313.034,4015778.925
BS187,2013,114,16,chalk,1,1,605313.034,4015778.925
BS187,2018,114,16,chalk,1,1,605313.034,4015778.925
BS187,2022,114,16,chalk,1,1,605313.034,4015778.925
BS188,2009,259,28,control,1,0,605734.735,4013894.192
BS188,2006,259,28,control,1,0,605734.735,4013894.192
BS188,2011,259,28,control,1,0,605734.735,4013894.192
BS188,2014,259,28,control,1,0,605734.735,4013894.192
BS190,2009,79,8,chalk,1,1,604813.567,4016301.679
BS190,2006,79,8,chalk,1,0,604813.567,4016301.679
BS190,2018,79,8,chalk,1,1,604813.567,4016301.679
BS193,2009,413,27,sober_chalk,1,1,605197.985,4017725.445
BS193,2006,413,27,sober_chalk,1,0,605197.985,4017725.445
BS193,2023,413,27,sober_chalk,1,1,605197.985,4017725.445
BS194,2009,417,38,sober_chalk,1,1,605590,4017510
BS194,2006,417,38,sober_chalk,1,0,605590,4017510
BS194,2011,417,38,sober_chalk,1,1,605590,4017510
BS194,2014,417,38,sober_chalk,1,1,605590,4017510
BS194,2019,417,38,sober_chalk,1,1,605590,4017510
BS194,2022,417,38,sober_chalk,1,1,605590,4017510
BS195,2009,579,42,sober_chalk,1,1,606630.928,4017337.28
BS195,2006,579,42,sober_chalk,1,0,606630.928,4017337.28
BS195,2011,579,42,sober_chalk,1,1,606630.928,4017337.28
BS195,2014,579,42,sober_chalk,1,1,606630.928,4017337.28
BS195,2019,579,42,sober_chalk,1,1,606630.928,4017337.28
BS195,2022,579,42,sober_chalk,1,1,606630.928,4017337.28
BS196,2009,646,30,sober_chalk,1,1,606929.11,4016911.507
BS196,2006,646,30,sober_chalk,1,0,606929.11,4016911.507
BS196,2023,646,30,sober_chalk,1,1,606929.11,4016911.507
BS201,2009,771,29,sober_chalk,0,1,605283.953,4023798.129
BS201,2006,771,29,sober_chalk,0,0,605283.953,4023798.129
BS202,2009,770,37,sober_chalk,0,1,604474.822,4023766.368
BS202,2006,770,37,sober_chalk,0,0,604474.822,4023766.368
BS202,2011,770,37,sober_chalk,1,1,604474.822,4023766.368
BS202,2014,770,37,sober_chalk,1,1,604474.822,4023766.368
BS202,2019,770,37,sober_chalk,1,1,604474.822,4023766.368
BS202,2023,770,37,sober_chalk,1,1,604474.822,4023766.368
BS203,2006,768,18,sober,1,0,604379.435,4024284.823
BS203,2019,768,18,sober,1,1,604379.435,4024284.823
BS203,2023,768,18,sober,1,1,604379.435,4024284.823
BS204,2006,784,30,sober,1,0,603850.161,4024309.196
BS204,2019,784,30,sober,1,1,603850.161,4024309.196
BS204,2023,784,30,sober,1,1,603850.161,4024309.196
BS205,2006,91,15,control,1,0,606704.641,4014551.825
BS207,2006,305,33,control,1,0,607573.227,4013146.102
BS210,2007,25,40,control,1,0,606933.364,4011705.396
BS217,2009,127,30,sober_chalk,1,1,609915.972,4012273.466
BS217,2006,127,30,sober_chalk,1,0,609915.972,4012273.466
BS217,2011,127,30,sober_chalk,1,1,609915.972,4012273.466
BS217,2014,127,30,sober_chalk,1,1,609915.972,4012273.466
BS217,2019,127,30,sober_chalk,1,1,609915.972,4012273.466
BS217,2022,127,30,sober_chalk,1,1,609915.972,4012273.466
BS218,2009,92,27,chalk,1,1,610282.761,4011533.626
BS218,2006,92,27,chalk,1,0,610282.761,4011533.626
BS219,2009,101,19,chalk,0,1,610423.678,4011943.738
BS219,2006,101,19,chalk,0,0,610423.678,4011943.738
BS220,2009,231,40,sober_chalk,1,1,611102.903,4011966.859
BS220,2006,231,40,sober_chalk,1,0,611102.903,4011966.859
BS220,2023,231,40,sober_chalk,1,1,611102.903,4011966.859
BS221,2009,435,30,sober_chalk,1,1,611769.84,4011636.647
BS221,2006,435,30,sober_chalk,1,0,611769.84,4011636.647
BS221,2010,435,30,sober_chalk,1,1,611769.84,4011636.647
BS221,2013,435,30,sober_chalk,1,1,611769.84,4011636.647
BS221,2013,435,30,sober_chalk,1,1,611769.84,4011636.647
BS221,2018,435,30,sober_chalk,1,1,611769.84,4011636.647
BS221,2023,435,30,sober_chalk,1,1,611769.84,4011636.647
BS222,2009,416,37,sober_chalk,1,1,612079.327,4012053.331
BS222,2006,416,37,sober_chalk,1,0,612079.327,4012053.331
BS222,2010,416,37,sober_chalk,1,1,612079.327,4012053.331
BS223,2006,600,30,sober_chalk,1,0,612390,4012440
BS224,2009,435,31,sober_chalk,1,1,613231.569,4012836.453
BS224,2009,435,31,sober_chalk,1,1,613231.569,4012836.453
BS224,2007,435,31,sober_chalk,1,0,613231.569,4012836.453
BS224,2010,435,31,sober_chalk,1,1,613231.569,4012836.453
BS224,2013,435,31,sober_chalk,1,1,613231.569,4012836.453
BS224,2018,435,31,sober_chalk,1,1,613231.569,4012836.453
BS224,2022,435,31,sober_chalk,1,1,613231.569,4012836.453
BS226,2009,474,38,sober_chalk,1,1,613566.759,4012360.437
BS226,2006,474,38,sober_chalk,1,0,613566.759,4012360.437
BS226,2010,474,38,sober_chalk,1,1,613566.759,4012360.437
BS226,2018,474,38,sober_chalk,1,1,613566.759,4012360.437
BS226,2023,474,38,sober_chalk,1,1,613566.759,4012360.437
BS228,2006,600,40,sober_chalk,1,0,614357,4011976
BS229,2006,725,35,sober_chalk,1,0,614239,4010924
BS230,2006,552,29,sober_chalk,1,0,614964,4011492
BS232,2009,689,33,sober_chalk,1,1,612651,4011252
BS232,2007,689,33,sober_chalk,1,0,612651,4011252
BS232,2011,689,33,sober_chalk,1,1,612651,4011252
BS232,2011,689,33,sober_chalk,1,1,612651,4011252
BS232,2014,689,33,sober_chalk,1,1,612651,4011252
BS232,2014,689,33,sober_chalk,1,1,612651,4011252
BS232,2019,689,33,sober_chalk,1,1,612651,4011252
BS232,2019,689,33,sober_chalk,1,1,612651,4011252
BS232,2023,689,33,sober_chalk,1,1,612651,4011252
BS233,2009,687,38,chalk,1,1,612767.386,4010332.364
BS233,2006,687,38,chalk,1,0,612767.386,4010332.364
BS233,2011,687,38,chalk,1,1,612767.386,4010332.364
BS233,2014,687,38,chalk,1,1,612767.386,4010332.364
BS233,2019,687,38,chalk,1,1,612767.386,4010332.364
BS233,2022,687,38,chalk,1,1,612767.386,4010332.364
BS234,2009,555,20,sober_chalk,1,1,611980,4011058
BS234,2007,555,20,sober_chalk,1,0,611980,4011058
BS234,2023,555,20,sober_chalk,1,1,611980,4011058
BS236,2006,409,39,chalk,1,0,611842.046,4010131.328
BS239,2009,88,35,control,1,0,609755,4011532
BS239,2006,88,35,control,1,0,609755,4011532
BS239,2018,88,35,control,1,0,609755,4011532
BS240,2006,305,39,sober_chalk,1,0,615141,4012216
BS241,2006,361,39,sober_chalk,1,0,615618,4012013
BS241,2023,361,39,sober_chalk,1,1,615618,4012013
BS242,2009,403,39,sober_chalk,1,1,616648.282,4012129.472
BS242,2006,403,39,sober_chalk,1,0,616648.282,4012129.472
BS242,2010,403,39,sober_chalk,1,1,616648.282,4012129.472
BS242,2013,403,39,sober_chalk,1,1,616648.282,4012129.472
BS242,2018,403,39,sober_chalk,1,1,616648.282,4012129.472
BS242,2022,403,39,sober_chalk,1,1,616648.282,4012129.472
BS243,2006,423,27,sober_chalk,0,0,617313,4012297
BS244,2009,357,35,sober_chalk,0,1,617903.988,4012690.131
BS244,2006,357,35,sober_chalk,0,0,617903.988,4012690.131
BS244,2010,357,35,sober_chalk,0,1,617903.988,4012690.131
BS244,2013,357,35,sober_chalk,0,1,617903.988,4012690.131
BS244,2018,357,35,sober_chalk,0,1,617903.988,4012690.131
BS244,2023,357,35,sober_chalk,0,1,617903.988,4012690.131
BS245,2009,443,20,sober_chalk,1,1,618482.589,4012396.251
BS245,2006,443,20,sober_chalk,1,0,618482.589,4012396.251
BS245,2010,443,20,sober_chalk,1,1,618482.589,4012396.251
BS245,2023,443,20,sober_chalk,1,1,618482.589,4012396.251
BS246,2009,518,32,sober_chalk,0,1,618837.89,4012536.759
BS246,2006,518,32,sober_chalk,0,0,618837.89,4012536.759
BS246,2023,518,32,sober_chalk,0,1,618837.89,4012536.759
BS247,2009,570,26,sober_chalk,0,1,619407.828,4013173.577
BS247,2006,570,26,sober_chalk,0,0,619407.828,4013173.577
BS247,2010,570,26,sober_chalk,0,1,619407.828,4013173.577
BS247,2010,570,26,sober_chalk,0,1,619407.828,4013173.577
BS247,2013,570,26,sober_chalk,0,1,619407.828,4013173.577
BS247,2013,570,26,sober_chalk,0,1,619407.828,4013173.577
BS247,2018,570,26,sober_chalk,0,1,619407.828,4013173.577
BS247,2022,570,26,sober_chalk,0,1,619407.828,4013173.577
BS247,2022,570,26,sober_chalk,0,1,619407.828,4013173.577
BS248,2006,637,28,sober_chalk,0,0,620448,4012349
BS249,2009,580,30,sober_chalk,1,1,620983.888,4012365.085
BS249,2006,580,30,sober_chalk,1,0,620983.888,4012365.085
BS249,2010,580,30,sober_chalk,1,1,620983.888,4012365.085
BS251,2009,866,18,sober_chalk,0,1,613948.519,4010248.518
BS251,2006,866,18,sober_chalk,0,0,613948.519,4010248.518
BS251,2011,866,18,sober_chalk,0,1,613948.519,4010248.518
BS251,2014,866,18,sober_chalk,0,1,613948.519,4010248.518
BS251,2019,866,18,sober_chalk,0,1,613948.519,4010248.518
BS251,2022,866,18,sober_chalk,0,1,613948.519,4010248.518
BS253,2007,866,24,sober_chalk,1,0,615257,4009132
BS254,2009,888,27,sober_chalk,0,1,615787.928,4009099.847
BS254,2006,888,27,sober_chalk,0,0,615787.928,4009099.847
BS257,2006,1097,20,sober_chalk,0,0,618709,4008005
BS259,2009,103,32,chalk,1,1,607912.031,4014165.119
BS259,2006,103,32,chalk,1,0,607912.031,4014165.119
BS260,2006,240,11,control,1,0,607332.192,4013551.785
BS262,2006,542,25,sober_chalk,1,0,615038.734,4011024.868
BS265,2006,200,20,control,0,0,606275.006,4012335.935
BS267,2006,160,37,control,1,0,608200,4011096
BS271,2009,863,42,chalk,1,1,615762,4008368
BS271,2007,863,42,chalk,1,0,615762,4008368
BS272,2009,624,32,chalk,1,1,616856,4007067
BS272,2006,624,32,chalk,1,0,616856,4007067
BS272,2011,624,32,chalk,1,1,616856,4007067
BS272,2014,624,32,chalk,1,1,616856,4007067
BS272,2019,624,32,chalk,1,1,616856,4007067
BS272,2022,624,32,chalk,1,1,616856,4007067
BS273,2009,283,41,chalk,1,1,617340,4007505
BS273,2006,283,41,chalk,1,0,617340,4007505
BS273,2011,283,41,chalk,1,1,617340,4007505
BS273,2014,283,41,chalk,1,1,617340,4007505
BS273,2014,283,41,chalk,1,1,617340,4007505
BS273,2019,283,41,chalk,1,1,617340,4007505
BS273,2022,283,41,chalk,1,1,617340,4007505
BS274,2009,1153,39,sober_chalk,0,1,620802.426,4005843.061
BS274,2009,1153,39,sober_chalk,0,1,620802.426,4005843.061
BS274,2006,1153,39,sober_chalk,0,0,620802.426,4005843.061
BS274,2011,1153,39,sober_chalk,0,1,620802.426,4005843.061
BS274,2011,1153,39,sober_chalk,0,1,620802.426,4005843.061
BS274,2014,1153,39,sober_chalk,0,1,620802.426,4005843.061
BS274,2014,1153,39,sober_chalk,0,1,620802.426,4005843.061
BS276,2009,357,22,chalk,1,1,618151,4004755
BS276,2006,357,22,chalk,1,0,618151,4004755
BS276,2023,357,22,chalk,1,1,618151,4004755
BS276,2023,357,22,chalk,1,1,618151,4004755
BS277,2009,262,44,dolan_chalk,1,1,619975.317,4003208.572
BS277,2007,262,44,dolan_chalk,1,0,619975.317,4003208.572
BS277,2021,262,44,dolan_chalk,1,1,619975.317,4003208.572
BS278,2009,384,41,dolan_chalk,1,1,624836,3997025
BS278,2006,384,41,dolan_chalk,1,0,624836,3997025
BS278,2010,384,41,dolan_chalk,1,1,624836,3997025
BS278,2013,384,41,dolan_chalk,1,1,624836,3997025
BS278,2018,384,41,dolan_chalk,1,1,624836,3997025
BS278,2021,384,41,dolan_chalk,1,1,624836,3997025
BS279,2009,256,15,dolan_chalk,0,1,624077.786,3997439.473
BS279,2006,256,15,dolan_chalk,0,0,624077.786,3997439.473
BS279,2021,256,15,dolan_chalk,0,1,624077.786,3997439.473
BS281,2006,92,33,dolan,0,0,622873,3999060
BS282,2009,646,40,dolan_chalk,0,1,625504.595,3996481.287
BS282,2006,646,40,dolan_chalk,0,0,625504.595,3996481.287
BS282,2011,646,40,dolan_chalk,1,1,625504.595,3996481.287
BS282,2014,646,40,dolan_chalk,1,1,625504.595,3996481.287
BS282,2019,646,40,dolan_chalk,1,1,625504.595,3996481.287
BS282,2021,646,40,dolan_chalk,1,1,625504.595,3996481.287
BS283,2009,606,33,chalk,1,1,618664,4004717
BS283,2006,606,33,chalk,1,0,618664,4004717
BS283,2010,606,33,chalk,1,1,618664,4004717
BS283,2013,606,33,chalk,1,1,618664,4004717
BS283,2018,606,33,chalk,1,1,618664,4004717
BS283,2022,606,33,chalk,1,1,618664,4004717
BS287,2007,978,33,dolan_chalk,0,0,625037.211,4001501.306
BS292,2009,384,10,control,0,0,602873.399,4038823.128
BS292,2007,384,10,control,0,0,602873.399,4038823.128
BS292,2011,384,10,control,0,0,602873.399,4038823.128
BS292,2011,384,10,control,0,0,602873.399,4038823.128
BS292,2014,384,10,control,0,0,602873.399,4038823.128
BS292,2014,384,10,control,0,0,602873.399,4038823.128
BS293,2006,287,21,control,1,0,602716,4037725
BS294,2006,513,27,sober,1,0,602386,4035630
BS295,2009,150,25,dolan,0,0,636020.965,3984419.932
BS295,2007,150,25,dolan,0,0,636020.965,3984419.932
BS295,2010,150,25,dolan,0,0,636020.965,3984419.932
BS295,2013,150,25,dolan,0,0,636020.965,3984419.932
BS295,2018,150,25,dolan,1,0,636020.965,3984419.932
BS295,2021,150,25,dolan,1,1,636020.965,3984419.932
BS296,2009,590,40,dolan_chalk,0,1,637817,3985364
BS296,2006,590,40,dolan_chalk,0,0,637817,3985364
BS296,2021,590,40,dolan_chalk,0,1,637817,3985364
BS297,2009,618,30,dolan_chalk,1,1,639138,3985173
BS297,2006,618,30,dolan_chalk,1,0,639138,3985173
BS297,2010,618,30,dolan_chalk,1,1,639138,3985173
BS297,2013,618,30,dolan_chalk,1,1,639138,3985173
BS297,2018,618,30,dolan_chalk,1,1,639138,3985173
BS297,2021,618,30,dolan_chalk,1,1,639138,3985173
BS299,2009,199,40,dolan_chalk,0,1,637496,3984066
BS299,2006,199,40,dolan_chalk,0,0,637496,3984066
BS299,2021,199,40,dolan_chalk,0,1,637496,3984066
BS301,2009,510,27,dolan_chalk,1,1,637959.891,3983571.371
BS301,2006,510,27,dolan_chalk,0,0,637959.891,3983571.371
BS301,2010,510,27,dolan_chalk,1,1,637959.891,3983571.371
BS301,2013,510,27,dolan_chalk,1,1,637959.891,3983571.371
BS301,2018,510,27,dolan_chalk,1,1,637959.891,3983571.371
BS301,2021,510,27,dolan_chalk,1,1,637959.891,3983571.371
BS303,2006,656,23,dolan_chalk,1,0,638299,3983016
BS303,2021,656,23,dolan_chalk,1,1,638299,3983016
BS303,2021,656,23,dolan_chalk,1,1,638299,3983016
BS304,2009,857,28,dolan_chalk,1,1,639355,3982390
BS304,2007,857,28,dolan_chalk,1,0,639355,3982390
BS304,2011,857,28,dolan_chalk,1,1,639355,3982390
BS304,2014,857,28,dolan_chalk,1,1,639355,3982390
BS304,2021,857,28,dolan_chalk,1,1,639355,3982390
BS306,2009,908,35,dolan_chalk,0,1,641167.57,3983112.016
BS306,2009,908,35,dolan_chalk,0,1,641167.57,3983112.016
BS306,2006,908,35,dolan_chalk,0,0,641167.57,3983112.016
BS306,2011,908,35,dolan_chalk,1,1,641167.57,3983112.016
BS306,2011,908,35,dolan_chalk,1,1,641167.57,3983112.016
BS306,2014,908,35,dolan_chalk,1,1,641167.57,3983112.016
BS306,2014,908,35,dolan_chalk,1,1,641167.57,3983112.016
BS306,2019,908,35,dolan_chalk,1,1,641167.57,3983112.016
BS306,2019,908,35,dolan_chalk,1,1,641167.57,3983112.016
BS306,2021,908,35,dolan_chalk,1,1,641167.57,3983112.016
BS306,2021,908,35,dolan_chalk,1,1,641167.57,3983112.016
BS306,2021,908,35,dolan_chalk,1,1,641167.57,3983112.016
BS309,2006,640,17,dolan_chalk,1,0,639626,3983591
BS310,2007,517,25,dolan,0,0,637567.905,3982971.153
BS310,2021,517,25,dolan,0,1,637567.905,3982971.153
BS310,2021,517,25,dolan,0,1,637567.905,3982971.153
BS312,2007,583,26,control,1,0,639076.933,3980564.354
BS312,2011,583,26,control,1,0,639076.933,3980564.354
BS312,2014,583,26,control,1,0,639076.933,3980564.354
BS312,2019,583,26,control,1,0,639076.933,3980564.354
BS312,2022,583,26,control,1,0,639076.933,3980564.354
BS313,2006,581,20,control,1,0,641105.28,3979849.52
BS313,2010,581,20,control,1,0,641105.28,3979849.52
BS313,2013,581,20,control,1,0,641105.28,3979849.52
BS313,2018,581,20,control,1,0,641105.28,3979849.52
BS313,2022,581,20,control,1,0,641105.28,3979849.52
BS315,2009,807,36,control,0,0,641773.684,3978799.639
BS315,2006,807,36,control,0,0,641773.684,3978799.639
BS315,2011,807,36,control,1,0,641773.684,3978799.639
BS315,2014,807,36,control,1,0,641773.684,3978799.639
BS316,2009,576,27,control,1,0,640725.509,3978471.682
BS316,2006,576,27,control,1,0,640725.509,3978471.682
BS316,2011,576,27,control,1,0,640725.509,3978471.682
BS316,2014,576,27,control,1,0,640725.509,3978471.682
BS316,2019,576,27,control,1,0,640725.509,3978471.682
BS316,2022,576,27,control,1,0,640725.509,3978471.682
BS317,2006,524,36,control,1,0,640281,3978612
BS320,2006,979,32,control,0,0,642234.831,3979566.007
BS321,2006,931,19,control,0,0,642046.19,3978227.588
BS322,2006,933,25,control,1,0,641723.617,3977722.89
BS322,2006,933,25,control,1,0,641723.617,3977722.89
BS323,2009,793,20,control,0,0,641540.109,3976620.991
BS323,2009,793,20,control,0,0,641540.109,3976620.991
BS323,2006,793,20,control,0,0,641540.109,3976620.991
BS323,2011,793,20,control,1,0,641540.109,3976620.991
BS323,2011,793,20,control,1,0,641540.109,3976620.991
BS323,2014,793,20,control,1,0,641540.109,3976620.991
BS323,2014,793,20,control,1,0,641540.109,3976620.991
BS324,2006,763,14,control,1,0,641443,3976049
BS326,2009,720,39,control,1,0,641592.893,3975488.643
BS326,2006,720,39,control,1,0,641592.893,3975488.643
BS326,2011,720,39,control,1,0,641592.893,3975488.643
BS326,2014,720,39,control,1,0,641592.893,3975488.643
BS328,2009,433,23,control,0,0,641309.309,3972919.274
BS328,2006,433,23,control,0,0,641309.309,3972919.274
BS328,2011,433,23,control,1,0,641309.309,3972919.274
BS328,2014,433,23,control,1,0,641309.309,3972919.274
BS328,2019,433,23,control,1,0,641309.309,3972919.274
BS328,2022,433,23,control,1,0,641309.309,3972919.274
BS330,2006,588,28,control,0,0,641828.124,3971945.162
BS331,2006,745,8,control,0,0,642724.122,3972257.23
BS333,2006,873,32,control,0,0,644258,3972720
BS334,2006,998,26,control,0,0,645531,3973042
BS335,2006,933,26,control,0,0,646281,3973211
BS338,2006,599,21,control,0,0,644952.746,3970832.216
BS355,2009,470,33,sober_chalk,0,1,608750.965,4021677.512
BS355,2007,470,33,sober_chalk,0,0,608750.965,4021677.512
BS355,2010,470,33,sober_chalk,0,1,608750.965,4021677.512
BS355,2010,470,33,sober_chalk,0,1,608750.965,4021677.512
BS355,2013,470,33,sober_chalk,0,1,608750.965,4021677.512
BS355,2013,470,33,sober_chalk,0,1,608750.965,4021677.512
BS355,2018,470,33,sober_chalk,0,1,608750.965,4021677.512
BS355,2018,470,33,sober_chalk,0,1,608750.965,4021677.512
BS355,2023,470,33,sober_chalk,0,1,608750.965,4021677.512
BS355,2023,470,33,sober_chalk,0,1,608750.965,4021677.512
BS358,2009,812,31,sober_chalk,0,1,608920.47,4022941.941
BS358,2007,812,31,sober_chalk,0,0,608920.47,4022941.941
BS359,2009,717,37,sober_chalk,0,1,608546.566,4023486.149
BS359,2007,717,37,sober_chalk,0,0,608546.566,4023486.149
BS360,2009,935,26,sober_chalk,0,1,608446.943,4024088.693
BS360,2009,935,26,sober_chalk,0,1,608446.943,4024088.693
BS360,2007,935,26,sober_chalk,0,0,608446.943,4024088.693
BS360,2011,935,26,sober_chalk,0,1,608446.943,4024088.693
BS360,2011,935,26,sober_chalk,0,1,608446.943,4024088.693
BS360,2011,935,26,sober_chalk,0,1,608446.943,4024088.693
BS360,2014,935,26,sober_chalk,0,1,608446.943,4024088.693
BS365,2006,1009,36,sober_chalk,0,0,618098.056,4009461.244
BS372,2009,670,29,chalk,1,1,613628.996,4009407.834
BS372,2006,670,29,chalk,1,0,613628.996,4009407.834
BS373,2009,780,25,chalk,1,1,613578.288,4009986.683
BS373,2006,780,25,chalk,1,0,613578.288,4009986.683
BS373,2022,780,25,chalk,1,1,613578.288,4009986.683
BS376,2007,185,38,control,1,0,611668,4009032
BS378,2009,330,33,chalk,1,1,612739.942,4009054.737
BS378,2006,330,33,chalk,1,0,612739.942,4009054.737
BS378,2022,330,33,chalk,1,1,612739.942,4009054.737
BS379,2009,740,37,chalk,1,1,613260.992,4010311.021
BS379,2006,740,37,chalk,1,0,613260.992,4010311.021
BS382,2006,410,39,dolan_chalk,1,0,625392.733,3995460.245
BS382,2021,410,39,dolan_chalk,1,1,625392.733,3995460.245
BS383,2009,419,13,dolan,1,0,625429.113,3994610.767
BS383,2006,419,13,dolan,1,0,625429.113,3994610.767
BS383,2011,419,13,dolan,1,0,625429.113,3994610.767
BS383,2014,419,13,dolan,1,0,625429.113,3994610.767
BS383,2019,419,13,dolan,1,0,625429.113,3994610.767
BS383,2021,419,13,dolan,1,1,625429.113,3994610.767
BS384,2007,970,27,dolan,0,0,627509.783,3999867.916
BS384,2007,970,27,dolan,0,0,627509.783,3999867.916
BS384,2007,970,27,dolan,0,0,627509.783,3999867.916
BS384,2021,970,27,dolan,0,1,627509.783,3999867.916
BS384,2021,970,27,dolan,0,1,627509.783,3999867.916
BS384,2021,970,27,dolan,0,1,627509.783,3999867.916
BS388,2007,146,24,dolan,0,0,627111.151,3994283.666
BS388,2018,146,24,dolan,1,0,627111.151,3994283.666
BS388,2021,146,24,dolan,1,1,627111.151,3994283.666
BS389,2006,135,38,dolan,0,0,626507,3993986
BS389,2021,135,38,dolan,0,1,626507,3993986
BS390,2009,328,27,sober_chalk,0,1,608164.348,4021596.466
BS390,2007,328,27,sober_chalk,0,0,608164.348,4021596.466
BS390,2010,328,27,sober_chalk,0,1,608164.348,4021596.466
BS390,2013,328,27,sober_chalk,0,1,608164.348,4021596.466
BS390,2018,328,27,sober_chalk,1,1,608164.348,4021596.466
BS390,2022,328,27,sober_chalk,1,1,608164.348,4021596.466
BS391,2007,203,35,dolan,0,0,626991.002,3993807.124
BS391,2010,203,35,dolan,1,0,626991.002,3993807.124
BS391,2013,203,35,dolan,1,0,626991.002,3993807.124
BS391,2018,203,35,dolan,1,0,626991.002,3993807.124
BS391,2021,203,35,dolan,1,1,626991.002,3993807.124
BS392,2009,294,29,dolan,0,0,628755.993,3989934.164
BS392,2007,294,29,dolan,0,0,628755.993,3989934.164
BS392,2010,294,29,dolan,1,0,628755.993,3989934.164
BS392,2013,294,29,dolan,1,0,628755.993,3989934.164
BS392,2018,294,29,dolan,1,0,628755.993,3989934.164
BS392,2021,294,29,dolan,1,1,628755.993,3989934.164
BS393,2007,320,22,dolan,0,0,628301.219,3989596.117
BS393,2021,320,22,dolan,0,1,628301.219,3989596.117
BS394,2006,382,30,dolan,0,0,629675,3990430
BS394,2012,382,30,dolan,1,0,629675,3990430
BS394,2016,382,30,dolan,1,0,629675,3990430
BS394,2018,382,30,dolan,1,0,629675,3990430
BS394,2021,382,30,dolan,1,1,629675,3990430
BS394,2021,382,30,dolan,1,1,629675,3990430
BS399,2006,860,34,control,0,0,642194.285,3977419.573
BS405,2007,870,22,dolan_chalk,0,0,631924.006,3989897.595
BS405,2021,870,22,dolan_chalk,0,1,631924.006,3989897.595
BS407,2009,680,24,dolan,0,0,630107.134,3992139.104
BS407,2006,680,24,dolan,0,0,630107.134,3992139.104
BS407,2010,680,24,dolan,0,0,630107.134,3992139.104
BS407,2013,680,24,dolan,0,0,630107.134,3992139.104
BS407,2018,680,24,dolan,1,0,630107.134,3992139.104
BS407,2021,680,24,dolan,1,1,630107.134,3992139.104
BS408,2006,375,21,dolan,0,0,628187,3992551
BS408,2021,375,21,dolan,0,1,628187,3992551
BS412,2009,209,35,control,0,0,642726,3974464
BS412,2006,209,35,control,0,0,642726,3974464
BS412,2010,209,35,control,1,0,642726,3974464
BS412,2013,209,35,control,1,0,642726,3974464
BS412,2018,209,35,control,1,0,642726,3974464
BS412,2022,209,35,control,1,0,642726,3974464
BS413,2007,626,16,control,0,0,650555.867,3963751.729
BS415,2007,491,25,dolan,0,0,628100.603,3992051.132
BS415,2011,491,25,dolan,0,0,628100.603,3992051.132
BS415,2014,491,25,dolan,1,0,628100.603,3992051.132
BS415,2019,491,25,dolan,1,0,628100.603,3992051.132
BS415,2021,491,25,dolan,1,1,628100.603,3992051.132
BS416,2007,580,42,dolan,0,0,629315.219,3991469.964
BS416,2010,580,42,dolan,0,0,629315.219,3991469.964
BS416,2013,580,42,dolan,0,0,629315.219,3991469.964
BS416,2018,580,42,dolan,0,0,629315.219,3991469.964
BS416,2021,580,42,dolan,0,1,629315.219,3991469.964
BS416,2021,580,42,dolan,0,1,629315.219,3991469.964
BS420,2009,554,31,dolan_chalk,0,1,635991.535,3987628.055
BS420,2007,554,31,dolan_chalk,0,0,635991.535,3987628.055
BS420,2021,554,31,dolan_chalk,0,1,635991.535,3987628.055
BS423,2009,106,41,dolan_chalk,0,1,633234.214,3986706.825
BS423,2006,106,41,dolan_chalk,0,0,633234.214,3986706.825
BS423,2021,106,41,dolan_chalk,0,1,633234.214,3986706.825
BS425,2007,1323,33,dolan,0,0,635204.248,3991096.218
BS426,2009,226,34,dolan_chalk,0,1,632635.778,3987049.393
BS426,2006,226,34,dolan_chalk,0,0,632635.778,3987049.393
BS426,2010,226,34,dolan_chalk,0,1,632635.778,3987049.393
BS426,2013,226,34,dolan_chalk,0,1,632635.778,3987049.393
BS426,2018,226,34,dolan_chalk,0,1,632635.778,3987049.393
BS426,2021,226,34,dolan_chalk,0,1,632635.778,3987049.393
BS427,2006,517,32,sober,1,0,604545,4025844
BS427,2019,517,32,sober,1,1,604545,4025844
BS427,2019,517,32,sober,1,1,604545,4025844
BS427,2023,517,32,sober,1,1,604545,4025844
BS427,2023,517,32,sober,1,1,604545,4025844
BS429,2009,351,35,sober,1,0,602856.221,4036958.268
BS429,2007,351,35,sober,1,0,602856.221,4036958.268
BS429,2010,351,35,sober,1,0,602856.221,4036958.268
BS429,2013,351,35,sober,1,0,602856.221,4036958.268
BS429,2018,351,35,sober,1,1,602856.221,4036958.268
BS429,2022,351,35,sober,1,1,602856.221,4036958.268
BS430,2007,512,36,control,0,0,606533.07,4036323
BS431,2007,783,23,sober,1,0,602068.167,4034487.922
BS433,2009,350,34,sober_chalk,1,1,607028.154,4023162.897
BS433,2007,350,34,sober_chalk,1,0,607028.154,4023162.897
BS433,2010,350,34,sober_chalk,1,1,607028.154,4023162.897
BS433,2013,350,34,sober_chalk,1,1,607028.154,4023162.897
BS433,2018,350,34,sober_chalk,1,1,607028.154,4023162.897
BS433,2022,350,34,sober_chalk,1,1,607028.154,4023162.897
BS434,2007,855,23,sober,1,0,602958.857,4034581.595
BS436,2006,1059,32,sober_chalk,0,0,614730,4022614
BS438,2009,344,20,sober_chalk,1,1,606896,4022563
BS438,2007,344,20,sober_chalk,1,0,606896,4022563
BS438,2011,344,20,sober_chalk,1,1,606896,4022563
BS438,2010,344,20,sober_chalk,1,1,606896,4022563
BS438,2014,344,20,sober_chalk,1,1,606896,4022563
BS438,2019,344,20,sober_chalk,1,1,606896,4022563
BS438,2022,344,20,sober_chalk,1,1,606896,4022563
BS457,2009,443,34,chalk,1,1,617583.789,4004572.619
BS457,2007,443,34,chalk,1,0,617583.789,4004572.619
BS457,2010,443,34,chalk,1,1,617583.789,4004572.619
BS457,2013,443,34,chalk,1,1,617583.789,4004572.619
BS457,2018,443,34,chalk,1,1,617583.789,4004572.619
BS457,2022,443,34,chalk,1,1,617583.789,4004572.619
BS458,2009,834,33,dolan_chalk,1,1,626101.995,3996898.635
BS458,2009,834,33,dolan_chalk,1,1,626101.995,3996898.635
BS458,2006,834,33,dolan_chalk,1,0,626101.995,3996898.635
BS458,2011,834,33,dolan_chalk,1,1,626101.995,3996898.635
BS458,2011,834,33,dolan_chalk,1,1,626101.995,3996898.635
BS458,2014,834,33,dolan_chalk,1,1,626101.995,3996898.635
BS458,2019,834,33,dolan_chalk,1,1,626101.995,3996898.635
BS458,2021,834,33,dolan_chalk,1,1,626101.995,3996898.635
BS458,2021,834,33,dolan_chalk,1,1,626101.995,3996898.635
BS461,2007,1030,13,chalk,0,0,626586.243,4000653.376
BS468,2007,424,35,control,0,0,603298.698,4038373.325
BS469,2007,543,35,sober,1,0,602304.549,4035093.051
BS470,2006,720,21,sober,1,0,602796,4035183
BS474,2006,289,41,dolan_chalk,0,0,638166,3983948
BS474,2021,289,41,dolan_chalk,0,1,638166,3983948
BS478,2006,950,34,dolan_chalk,1,0,641215,3984464
BS478,2021,950,34,dolan_chalk,1,1,641215,3984464
BS478,2021,950,34,dolan_chalk,1,1,641215,3984464
BS478,2021,950,34,dolan_chalk,1,1,641215,3984464
BS486,2007,491,22,control,0,0,638130.54,3979897.676
BS494,2007,442,32,control,1,0,639803.996,3978400.378
BS494,2010,442,32,control,1,0,639803.996,3978400.378
BS494,2013,442,32,control,1,0,639803.996,3978400.378
BS494,2018,442,32,control,1,0,639803.996,3978400.378
BS494,2022,442,32,control,1,0,639803.996,3978400.378
BS499,2009,808,36,control,0,0,643726.607,3972635.145
BS499,2006,808,36,control,0,0,643726.607,3972635.145
BS499,2011,808,36,control,0,0,643726.607,3972635.145
BS499,2014,808,36,control,0,0,643726.607,3972635.145
BS499,2019,808,36,control,1,0,643726.607,3972635.145
BS499,2022,808,36,control,1,0,643726.607,3972635.145
BS504,2006,668,22,control,0,0,645422.102,3971190.051
BS513,2009,310,33,dolan,0,0,626140.596,3994393.987
BS513,2006,310,33,dolan,0,0,626140.596,3994393.987
BS513,2011,310,33,dolan,1,0,626140.596,3994393.987
BS513,2014,310,33,dolan,1,0,626140.596,3994393.987
BS513,2019,310,33,dolan,1,0,626140.596,3994393.987
BS513,2021,310,33,dolan,1,1,626140.596,3994393.987
BS518,2006,147,36,sober,1,0,604846,4027211
BS519,2006,539,32,sober,1,0,604092,4027109
BS520,2007,88,28,control,1,0,606996.259,4012074.985
BS520,2011,88,28,control,1,0,606996.259,4012074.985
BS520,2014,88,28,control,1,0,606996.259,4012074.985
BS520,2022,88,28,control,1,0,606996.259,4012074.985
BS521,2009,549,35,chalk,1,1,617291.713,4006741.456
BS521,2007,549,35,chalk,1,0,617291.713,4006741.456
BS521,2018,549,35,chalk,1,1,617291.713,4006741.456
BS521,2022,549,35,chalk,1,1,617291.713,4006741.456
BS600,2007,549,32,sober,1,0,605698.513,4024499.085
BS600,2018,549,32,sober,1,1,605698.513,4024499.085
BS600,2023,549,32,sober,1,1,605698.513,4024499.085
BS601,2009,603,25,sober,1,0,604677.013,4024424.706
BS601,2007,603,25,sober,1,0,604677.013,4024424.706
BS601,2010,603,25,sober,1,0,604677.013,4024424.706
BS601,2013,603,25,sober,1,0,604677.013,4024424.706
BS601,2018,603,25,sober,1,1,604677.013,4024424.706
BS601,2022,603,25,sober,1,1,604677.013,4024424.706
BS603,2009,491,31,sober,1,0,604005.075,4025199.921
BS603,2007,491,31,sober,1,0,604005.075,4025199.921
BS603,2010,491,31,sober,1,0,604005.075,4025199.921
BS603,2013,491,31,sober,1,0,604005.075,4025199.921
BS603,2018,491,31,sober,1,1,604005.075,4025199.921
BS603,2022,491,31,sober,1,1,604005.075,4025199.921
BS603,2022,491,31,sober,1,1,604005.075,4025199.921
BS604,2007,550,33,sober,1,0,603255,4025366
BS604,2018,550,33,sober,1,1,603255,4025366
BS605,2007,119,35,control,1,0,607864.009,4011680.687
BS607,2007,1018,19,sober_chalk,0,0,626699.443,4001507.283
BS610,2009,206,44,dolan_chalk,0,1,620268.601,4002811.855
BS610,2007,206,44,dolan_chalk,0,0,620268.601,4002811.855
BS610,2021,206,44,dolan_chalk,0,1,620268.601,4002811.855
BS611,2009,378,35,dolan_chalk,1,1,620102.839,4003965.791
BS611,2007,378,35,dolan_chalk,1,0,620102.839,4003965.791
BS611,2010,378,35,dolan_chalk,1,1,620102.839,4003965.791
BS611,2013,378,35,dolan_chalk,1,1,620102.839,4003965.791
BS611,2018,378,35,dolan_chalk,1,1,620102.839,4003965.791
BS611,2021,378,35,dolan_chalk,1,1,620102.839,4003965.791
BS612,2009,415,34,dolan_chalk,1,1,619622.154,4003934.811
BS612,2007,415,34,dolan_chalk,1,0,619622.154,4003934.811
BS612,2010,415,34,dolan_chalk,1,1,619622.154,4003934.811
BS612,2021,415,34,dolan_chalk,1,1,619622.154,4003934.811
BS613,2009,291,40,dolan_chalk,1,1,619668.713,4003144.99
BS613,2007,291,40,dolan_chalk,1,0,619668.713,4003144.99
BS613,2010,291,40,dolan_chalk,1,1,619668.713,4003144.99
BS613,2018,291,40,dolan_chalk,1,1,619668.713,4003144.99
BS613,2021,291,40,dolan_chalk,1,1,619668.713,4003144.99
BS620,2007,284,36,control,1,0,617488.183,4005194.933
BS621,2007,218,38,chalk,1,0,612469.217,4008856.987
BS622,2007,55,38,control,1,0,606831.538,4012069.23
BS623,2007,341,38,control,1,0,600687.661,4027581.768
BS624,2007,435,12,control,0,0,600076.814,4027562.139
BS625,2007,302,0,control,1,0,601255.082,4027318.065
BS626,2007,357,43,control,0,0,600333.508,4027214.577
BS627,2009,119,28,chalk,1,1,607541.49,4014664.613
BS627,2007,119,28,chalk,1,0,607541.49,4014664.613
BS627,2010,119,28,chalk,1,1,607541.49,4014664.613
BS628,2009,62,7,control,1,0,607229.043,4014462.859
BS628,2007,62,7,control,1,0,607229.043,4014462.859
BS629,2009,373,30,chalk,1,1,617309.102,4005604.302
BS629,2007,373,30,chalk,1,0,617309.102,4005604.302
BS629,2018,373,30,chalk,1,1,617309.102,4005604.302
BS632,2009,499,19,sober_chalk,0,1,607683.587,4020675.68
BS632,2007,499,19,sober_chalk,0,0,607683.587,4020675.68
BS632,2018,499,19,sober_chalk,0,1,607683.587,4020675.68
BS632,2023,499,19,sober_chalk,0,1,607683.587,4020675.68
BS633,2009,639,33,sober_chalk,1,1,607661.537,4020385.687
BS633,2007,639,33,sober_chalk,1,0,607661.537,4020385.687
BS633,2011,639,33,sober_chalk,1,1,607661.537,4020385.687
BS633,2010,639,33,sober_chalk,1,1,607661.537,4020385.687
BS633,2014,639,33,sober_chalk,1,1,607661.537,4020385.687
BS633,2019,639,33,sober_chalk,1,1,607661.537,4020385.687
BS633,2023,639,33,sober_chalk,1,1,607661.537,4020385.687
